structure,repetition,independence_units,residual_r,residual_p,rejected_05
homoskedastic,0,200,-0.009517737943448587,0.913,False
homoskedastic,1,200,0.18622747552220448,0.01,True
homoskedastic,2,200,0.04779269481737043,0.476,False
homoskedastic,3,200,0.15723266666584354,0.039,True
homoskedastic,4,200,-0.0207530343906414,0.752,False
homoskedastic,5,200,-0.02330158253956349,0.759,False
homoskedastic,6,200,-0.05955748893722344,0.402,False
homoskedastic,7,200,0.11047026175654391,0.118,False
homoskedastic,8,200,-0.07862146553663842,0.271,False
homoskedastic,9,200,-0.09936477138108078,0.164,False
homoskedastic,10,200,0.048269706742668575,0.477,False
homoskedastic,11,200,-0.1073419738025928,0.15,False
homoskedastic,12,200,0.07380262274155726,0.309,False
homoskedastic,13,200,0.004740118502962574,0.948,False
homoskedastic,14,200,-0.05578041542804541,0.422,False
homoskedastic,15,200,0.03632342170682837,0.634,False
homoskedastic,16,200,0.01799295657127426,0.816,False
homoskedastic,17,200,-0.07303238058380003,0.289,False
homoskedastic,18,200,0.0676666916672917,0.327,False
homoskedastic,19,200,-0.031205280132003306,0.674,False
homoskedastic,20,200,0.08538363459086479,0.231,False
homoskedastic,21,200,0.028647716192904828,0.683,False
homoskedastic,22,200,0.09134410211062935,0.198,False
homoskedastic,23,200,0.13655141378534466,0.057,False
homoskedastic,24,200,0.03970449261231531,0.592,False
homoskedastic,25,200,-0.057266931673291846,0.442,False
homoskedastic,26,200,0.06994074851871299,0.347,False
homoskedastic,27,200,0.028596747090019737,0.699,False
homoskedastic,28,200,-0.08996628289443478,0.221,False
homoskedastic,29,200,0.009904747618690469,0.893,False
homoskedastic,30,200,-0.02303757593939849,0.741,False
homoskedastic,31,200,0.0034860884594949053,0.957,False
homoskedastic,32,200,0.0008707720958419933,0.99,False
homoskedastic,33,200,-0.11116044575184368,0.118,False
homoskedastic,34,200,-0.1490617265431636,0.048,True
homoskedastic,35,200,0.00712967824195605,0.919,False
homoskedastic,36,200,0.021431801868904154,0.777,False
homoskedastic,37,200,0.020648773962640754,0.793,False
homoskedastic,38,200,0.09305653579062646,0.177,False
homoskedastic,39,200,0.011613294687353507,0.864,False
homoskedastic,40,200,0.11769828073072881,0.1,False
homoskedastic,41,200,0.029282243036919123,0.691,False
homoskedastic,42,200,-0.03941350011756825,0.583,False
homoskedastic,43,200,-0.01577139428485712,0.811,False
homoskedastic,44,200,0.12712817820445513,0.075,False
homoskedastic,45,200,-0.15731574188696146,0.027,True
homoskedastic,46,200,0.034176854421360536,0.649,False
homoskedastic,47,200,0.03344411118587245,0.647,False
homoskedastic,48,200,0.016539425890221327,0.829,False
homoskedastic,49,200,0.02308183570158255,0.761,False
homoskedastic,50,200,-0.01128854491323665,0.895,False
homoskedastic,51,200,0.19639173344024985,0.002,True
homoskedastic,52,200,-0.059296482412060314,0.411,False
homoskedastic,53,200,-0.02130654065347058,0.763,False
homoskedastic,54,200,-0.12393614487968505,0.074,False
homoskedastic,55,200,0.04657168175642785,0.53,False
homoskedastic,56,200,-0.02380709517737944,0.73,False
homoskedastic,57,200,0.10087302182554565,0.149,False
homoskedastic,58,200,-0.15178129453236336,0.045,True
homoskedastic,59,200,0.026192164626179234,0.71,False
homoskedastic,60,200,0.029592000897024844,0.684,False
homoskedastic,61,200,0.07838223894931885,0.287,False
homoskedastic,62,200,-0.08730668266706669,0.242,False
homoskedastic,63,200,0.10154507670632858,0.166,False
homoskedastic,64,200,-0.0515188266097997,0.474,False
homoskedastic,65,200,-0.052099302482562074,0.473,False
homoskedastic,66,200,-0.000668266957274088,0.996,False
homoskedastic,67,200,0.025210389713640757,0.712,False
homoskedastic,68,200,-0.058274956873921854,0.407,False
homoskedastic,69,200,-0.04992424810620266,0.478,False
homoskedastic,70,200,-0.11927698192454814,0.09,False
homoskedastic,71,200,-0.08826070651766296,0.229,False
homoskedastic,72,200,-0.02232881659372264,0.768,False
homoskedastic,73,200,-0.20045908664933784,0.006,True
homoskedastic,74,200,0.020738018450461266,0.75,False
homoskedastic,75,200,-0.02649516237905948,0.717,False
homoskedastic,76,200,-0.11757748352865281,0.093,False
homoskedastic,77,200,-0.028887722193054834,0.694,False
homoskedastic,78,200,-0.06509267613641052,0.373,False
homoskedastic,79,200,0.02037800945023626,0.783,False
homoskedastic,80,200,0.025584649210475516,0.736,False
homoskedastic,81,200,0.04302934186955296,0.57,False
homoskedastic,82,200,-0.018108452711317786,0.807,False
homoskedastic,83,200,-0.004935123378084453,0.947,False
homoskedastic,84,200,-0.08066682717079965,0.256,False
homoskedastic,85,200,0.016158410019655386,0.83,False
homoskedastic,86,200,0.05932875546717416,0.386,False
homoskedastic,87,200,0.05900774732159244,0.404,False
homoskedastic,88,200,0.04908726399704792,0.512,False
homoskedastic,89,200,0.060047296217877605,0.378,False
homoskedastic,90,200,-0.016786919672991826,0.827,False
homoskedastic,91,200,-0.004639615990399761,0.947,False
homoskedastic,92,200,0.06820970524263108,0.36,False
homoskedastic,93,200,0.04046054185896425,0.567,False
homoskedastic,94,200,0.02504762619065477,0.73,False
homoskedastic,95,200,-0.01445286132153304,0.842,False
homoskedastic,96,200,-0.08075151878796971,0.245,False
homoskedastic,97,200,0.10474161854046352,0.159,False
homoskedastic,98,200,0.07385887416893723,0.298,False
homoskedastic,99,200,-0.015583889597239933,0.823,False
homoskedastic,100,200,0.11723472483115084,0.114,False
homoskedastic,101,200,-0.03214580364509113,0.67,False
homoskedastic,102,200,0.007132678316957926,0.918,False
homoskedastic,103,200,0.061734066501941826,0.362,False
homoskedastic,104,200,-0.03381234530863272,0.678,False
homoskedastic,105,200,-0.013558838970974277,0.838,False
homoskedastic,106,200,-0.024456611415285382,0.722,False
homoskedastic,107,200,0.06385587034271444,0.374,False
homoskedastic,108,200,0.05024304375837678,0.464,False
homoskedastic,109,200,-0.037287932198304966,0.584,False
homoskedastic,110,200,0.0725688686483881,0.313,False
homoskedastic,111,200,0.031110789436284134,0.664,False
homoskedastic,112,200,0.08805448438254741,0.253,False
homoskedastic,113,200,0.03706592664816621,0.599,False
homoskedastic,114,200,-0.0553071534190219,0.457,False
homoskedastic,115,200,0.013610595368858443,0.862,False
homoskedastic,116,200,0.05976528895620743,0.386,False
homoskedastic,117,200,0.018465461636540916,0.802,False
homoskedastic,118,200,0.08739221757752717,0.216,False
homoskedastic,119,200,-0.09929801968725656,0.157,False
homoskedastic,120,200,-0.05035029652013539,0.467,False
homoskedastic,121,200,-0.008085202130053253,0.928,False
homoskedastic,122,200,-0.008152703817595442,0.909,False
homoskedastic,123,200,0.11812345308632717,0.122,False
homoskedastic,124,200,0.028485712142803574,0.71,False
homoskedastic,125,200,0.03965650628384974,0.573,False
homoskedastic,126,200,0.04956423910597765,0.482,False
homoskedastic,127,200,0.07234683580096353,0.323,False
homoskedastic,128,200,0.07129528238205955,0.337,False
homoskedastic,129,200,0.13371184279606993,0.048,True
homoskedastic,130,200,-0.018883972099302485,0.773,False
homoskedastic,131,200,-0.03147006035405412,0.66,False
homoskedastic,132,200,0.03805745143628591,0.636,False
homoskedastic,133,200,-0.10878271956798921,0.129,False
homoskedastic,134,200,-0.0591750015656689,0.401,False
homoskedastic,135,200,-0.23357485214302867,0.002,True
homoskedastic,136,200,0.011647795562813226,0.894,False
homoskedastic,137,200,0.005920648016200405,0.938,False
homoskedastic,138,200,-0.06930025849406417,0.336,False
homoskedastic,139,200,0.21484587114677872,0.001,True
homoskedastic,140,200,-0.00897772444311108,0.91,False
homoskedastic,141,200,-0.005398634965874148,0.929,False
homoskedastic,142,200,0.04833570839270983,0.527,False
homoskedastic,143,200,0.09815795394884873,0.16,False
homoskedastic,144,200,0.10997224930623266,0.126,False
homoskedastic,145,200,-0.07540094157424553,0.33,False
homoskedastic,146,200,0.005653641341033527,0.918,False
homoskedastic,147,200,0.05796599262431008,0.441,False
homoskedastic,148,200,0.052875591718143565,0.454,False
homoskedastic,149,200,0.00747993980347304,0.928,False
homoskedastic,150,200,0.08827052296596637,0.24,False
homoskedastic,151,200,-0.04524113102827571,0.542,False
homoskedastic,152,200,-0.03128178204455112,0.655,False
homoskedastic,153,200,-0.022493062326558167,0.747,False
homoskedastic,154,200,0.00039750993774844383,0.998,False
homoskedastic,155,200,-0.04948177415569843,0.523,False
homoskedastic,156,200,-0.062165327445188295,0.375,False
homoskedastic,157,200,-0.04664216605415135,0.521,False
homoskedastic,158,200,0.029714242856071407,0.681,False
homoskedastic,159,200,0.074358358958974,0.305,False
homoskedastic,160,200,0.11591539788494713,0.105,False
homoskedastic,161,200,0.08066151653791345,0.268,False
homoskedastic,162,200,0.04118429505148982,0.557,False
homoskedastic,163,200,-0.059187024065869696,0.404,False
homoskedastic,164,200,0.06191557110762121,0.394,False
homoskedastic,165,200,0.015592145650696984,0.819,False
homoskedastic,166,200,-0.16672016800420014,0.019,True
homoskedastic,167,200,0.013861846546163657,0.854,False
homoskedastic,168,200,0.19313215072833834,0.004,True
homoskedastic,169,200,0.0030405760144003604,0.962,False
homoskedastic,170,200,0.021287040158645524,0.78,False
homoskedastic,171,200,-0.09353633840846022,0.191,False
homoskedastic,172,200,0.08472361809045229,0.236,False
homoskedastic,173,200,0.023432844608433586,0.759,False
homoskedastic,174,200,-0.006471161779044476,0.948,False
homoskedastic,175,200,-0.01613665946773513,0.83,False
homoskedastic,176,200,0.11396834920873024,0.117,False
homoskedastic,177,200,0.057902947573689356,0.427,False
homoskedastic,178,200,-0.06960251616385256,0.336,False
homoskedastic,179,200,-0.08946077006704674,0.207,False
homoskedastic,180,200,-0.051715292882322066,0.486,False
homoskedastic,181,200,0.04078081539880517,0.573,False
homoskedastic,182,200,-0.08915922898072452,0.233,False
homoskedastic,183,200,0.020907522688067205,0.782,False
homoskedastic,184,200,0.028265217229889197,0.69,False
homoskedastic,185,200,-0.13380714535632282,0.06,False
homoskedastic,186,200,-0.09781744543613592,0.175,False
homoskedastic,187,200,0.06008700217505439,0.399,False
homoskedastic,188,200,0.0039255981399535,0.961,False
homoskedastic,189,200,-0.13249831245781146,0.064,False
homoskedastic,190,200,0.014956135120483561,0.842,False
homoskedastic,191,200,0.20357241565006143,0.01,True
homoskedastic,192,200,-0.10728422233714935,0.147,False
homoskedastic,193,200,0.004391361430796615,0.961,False
homoskedastic,194,200,-0.031150540444965985,0.682,False
homoskedastic,195,200,-0.024027609700597845,0.729,False
homoskedastic,196,200,-0.10030229517074701,0.165,False
homoskedastic,197,200,-0.036147903697592444,0.625,False
homoskedastic,198,200,-0.015492393119476498,0.827,False
homoskedastic,199,200,-0.02501012525313133,0.719,False
homoskedastic,200,200,0.01258681939054292,0.862,False
homoskedastic,201,200,-0.01340359011610014,0.862,False
homoskedastic,202,200,0.014955373884347109,0.841,False
homoskedastic,203,200,0.09044776119402986,0.244,False
homoskedastic,204,200,-0.055741393534838375,0.435,False
homoskedastic,205,200,0.04971574289357235,0.461,False
homoskedastic,206,200,-0.0700630278493366,0.328,False
homoskedastic,207,200,-0.04517066314457597,0.526,False
homoskedastic,208,200,0.03078826970674267,0.695,False
homoskedastic,209,200,-0.05484143273243399,0.448,False
homoskedastic,210,200,0.2233090827270682,0.002,True
homoskedastic,211,200,-0.15399990774766995,0.037,True
homoskedastic,212,200,0.003320334253481916,0.969,False
homoskedastic,213,200,-0.0004905122628065703,0.995,False
homoskedastic,214,200,-0.056707438951267376,0.413,False
homoskedastic,215,200,0.03397886221363106,0.63,False
homoskedastic,216,200,0.039327247928918965,0.596,False
homoskedastic,217,200,0.16403960099002476,0.011,True
homoskedastic,218,200,-0.06992802442362467,0.332,False
homoskedastic,219,200,-0.03857647887815425,0.604,False
homoskedastic,220,200,0.027740203907676113,0.729,False
homoskedastic,221,200,-0.08439439150769046,0.217,False
homoskedastic,222,200,-0.04026102162342653,0.584,False
homoskedastic,223,200,0.06992724818120455,0.332,False
homoskedastic,224,200,0.059925020597401873,0.419,False
homoskedastic,225,200,0.0002265056626415661,1.0,False
homoskedastic,226,200,-0.020208512791013496,0.786,False
homoskedastic,227,200,0.005936402862375376,0.937,False
homoskedastic,228,200,0.06723020596648113,0.384,False
homoskedastic,229,200,-0.027794205277960886,0.688,False
homoskedastic,230,200,-0.01772069966275519,0.801,False
homoskedastic,231,200,0.0694817370434261,0.333,False
homoskedastic,232,200,-0.01809795244881122,0.813,False
homoskedastic,233,200,-0.04368409210230257,0.56,False
homoskedastic,234,200,-0.04040054031391309,0.567,False
homoskedastic,235,200,-0.04414760369009226,0.528,False
homoskedastic,236,200,0.03901147528688218,0.61,False
homoskedastic,237,200,0.0695807656119323,0.318,False
homoskedastic,238,200,-0.03354533863346584,0.642,False
homoskedastic,239,200,-0.05419185479636991,0.461,False
homoskedastic,240,200,-0.002655817391366493,0.971,False
homoskedastic,241,200,0.02257257277903586,0.758,False
homoskedastic,242,200,0.13094577364434112,0.073,False
homoskedastic,243,200,0.0913313517823341,0.246,False
homoskedastic,244,200,-0.059660991524788126,0.408,False
homoskedastic,245,200,0.11752423217739977,0.122,False
homoskedastic,246,200,0.09949298732468313,0.177,False
homoskedastic,247,200,0.11233710055393446,0.12,False
homoskedastic,248,200,-0.009670741768544214,0.869,False
homoskedastic,249,200,-0.09475136878421962,0.195,False
heteroskedastic,0,200,-0.01387084677116928,0.85,False
heteroskedastic,1,200,-0.10545121536879574,0.132,False
heteroskedastic,2,200,-0.038738482989008574,0.578,False
heteroskedastic,3,200,-0.04618243919780934,0.527,False
heteroskedastic,4,200,0.06348088463277929,0.373,False
heteroskedastic,5,200,0.05576243588272398,0.432,False
heteroskedastic,6,200,0.12885922148053702,0.091,False
heteroskedastic,7,200,-0.06464561614040353,0.377,False
heteroskedastic,8,200,0.040460511512787824,0.583,False
heteroskedastic,9,200,0.04223355583889597,0.527,False
heteroskedastic,10,200,0.02427810695267382,0.737,False
heteroskedastic,11,200,-0.06447016010664089,0.355,False
heteroskedastic,12,200,0.11859159820557817,0.096,False
heteroskedastic,13,200,0.036135916948895126,0.627,False
heteroskedastic,14,200,-0.041001290407746985,0.548,False
heteroskedastic,15,200,-0.0864576938639879,0.241,False
heteroskedastic,16,200,-0.07321085772551994,0.324,False
heteroskedastic,17,200,0.08544813620340509,0.248,False
heteroskedastic,18,200,0.12833875659595767,0.077,False
heteroskedastic,19,200,0.07787894697367435,0.264,False
heteroskedastic,20,200,-0.1501695605526096,0.032,True
heteroskedastic,21,200,0.0944708617715443,0.19,False
heteroskedastic,22,200,-0.01802820746576571,0.824,False
heteroskedastic,23,200,0.06077251931298284,0.396,False
heteroskedastic,24,200,0.08077929977473748,0.236,False
heteroskedastic,25,200,-0.09303386073422268,0.175,False
heteroskedastic,26,200,0.013711847938142395,0.829,False
heteroskedastic,27,200,-0.14688672725071433,0.037,True
heteroskedastic,28,200,0.027745454040898242,0.667,False
heteroskedastic,29,200,-0.007704948402421363,0.911,False
heteroskedastic,30,200,0.15868596714917876,0.022,True
heteroskedastic,31,200,-0.027791194779869497,0.706,False
heteroskedastic,32,200,-0.04210305257631442,0.557,False
heteroskedastic,33,200,0.04389863038973254,0.548,False
heteroskedastic,34,200,0.04969624240606016,0.509,False
heteroskedastic,35,200,0.06941273531838298,0.328,False
heteroskedastic,36,200,-0.05287782194554865,0.457,False
heteroskedastic,37,200,0.059044476111902805,0.403,False
heteroskedastic,38,200,0.0641461277079951,0.37,False
heteroskedastic,39,200,-0.06264158953033874,0.388,False
heteroskedastic,40,200,0.05774994374859373,0.392,False
heteroskedastic,41,200,-0.08614565364134104,0.277,False
heteroskedastic,42,200,0.030365259131478292,0.674,False
heteroskedastic,43,200,0.03601816396091304,0.626,False
heteroskedastic,44,200,0.01645241131028276,0.82,False
heteroskedastic,45,200,0.002085052126303158,0.982,False
heteroskedastic,46,200,-0.019895004835749106,0.755,False
heteroskedastic,47,200,0.13725133569115458,0.057,False
heteroskedastic,48,200,-0.004080856612379286,0.952,False
heteroskedastic,49,200,-0.026402169955064468,0.69,False
heteroskedastic,50,200,-0.1465836645916148,0.045,True
heteroskedastic,51,200,-0.05163429085727144,0.453,False
heteroskedastic,52,200,0.0743673591839796,0.288,False
heteroskedastic,53,200,0.1027900697517438,0.143,False
heteroskedastic,54,200,-0.06850898841558586,0.343,False
heteroskedastic,55,200,-0.15840246006150158,0.027,True
heteroskedastic,56,200,0.10158853971349284,0.16,False
heteroskedastic,57,200,0.04366162428683766,0.542,False
heteroskedastic,58,200,-0.033767344183604595,0.627,False
heteroskedastic,59,200,0.07118280626371395,0.321,False
heteroskedastic,60,200,0.01965799144978625,0.792,False
heteroskedastic,61,200,0.02544889576573185,0.707,False
heteroskedastic,62,200,0.05501689605374123,0.441,False
heteroskedastic,63,200,-0.008487218545879943,0.905,False
heteroskedastic,64,200,-0.10031587075213044,0.155,False
heteroskedastic,65,200,0.1976914422860572,0.005,True
heteroskedastic,66,200,0.014932878921803693,0.836,False
heteroskedastic,67,200,0.020756034467887544,0.758,False
heteroskedastic,68,200,0.03587789694742369,0.65,False
heteroskedastic,69,200,0.07198079951998801,0.317,False
heteroskedastic,70,200,-0.0036968451937647796,0.967,False
heteroskedastic,71,200,0.07712820712826132,0.283,False
heteroskedastic,72,200,-0.06259808842649824,0.371,False
heteroskedastic,73,200,-0.05872196804920124,0.435,False
heteroskedastic,74,200,-0.005025879416396387,0.943,False
heteroskedastic,75,200,0.046799669991749795,0.518,False
heteroskedastic,76,200,-0.12615995130877333,0.085,False
heteroskedastic,77,200,0.06420610515262883,0.357,False
heteroskedastic,78,200,0.16138003450086255,0.024,True
heteroskedastic,79,200,0.13916978143321368,0.046,True
heteroskedastic,80,200,-0.04907374524628908,0.508,False
heteroskedastic,81,200,-0.03749793744843622,0.607,False
heteroskedastic,82,200,-0.009184736506967639,0.883,False
heteroskedastic,83,200,-0.07953498837470939,0.263,False
heteroskedastic,84,200,0.006033903110291849,0.948,False
heteroskedastic,85,200,-0.07299935235857125,0.306,False
heteroskedastic,86,200,-0.13131028275706894,0.066,False
heteroskedastic,87,200,-0.010335258381459538,0.903,False
heteroskedastic,88,200,0.03694293742703981,0.607,False
heteroskedastic,89,200,-0.05226730668266707,0.461,False
heteroskedastic,90,200,-0.13848796219905501,0.052,False
heteroskedastic,91,200,0.008515712892822321,0.905,False
heteroskedastic,92,200,0.015607890197254932,0.816,False
heteroskedastic,93,200,0.028254716963444934,0.696,False
heteroskedastic,94,200,-0.06915700485900317,0.338,False
heteroskedastic,95,200,0.031215053787635033,0.67,False
heteroskedastic,96,200,-0.07616293263442096,0.294,False
heteroskedastic,97,200,-0.050333758343958604,0.5,False
heteroskedastic,98,200,0.036296407410185264,0.606,False
heteroskedastic,99,200,0.005094133084227184,0.931,False
heteroskedastic,100,200,-0.03978699467486688,0.592,False
heteroskedastic,101,200,0.051375572921017174,0.477,False
heteroskedastic,102,200,0.08198608039679584,0.23,False
heteroskedastic,103,200,0.00829820745518638,0.906,False
heteroskedastic,104,200,0.11234680867021678,0.127,False
heteroskedastic,105,200,0.0151068776719418,0.821,False
heteroskedastic,106,200,-0.07789922669288282,0.272,False
heteroskedastic,107,200,-0.10915922898072454,0.113,False
heteroskedastic,108,200,0.06793669841746044,0.336,False
heteroskedastic,109,200,0.019503487587189682,0.786,False
heteroskedastic,110,200,-0.009948248706217657,0.888,False
heteroskedastic,111,200,-0.01135754245671826,0.872,False
heteroskedastic,112,200,-0.0246201247356669,0.727,False
heteroskedastic,113,200,0.0073246831170779274,0.932,False
heteroskedastic,114,200,0.02428410710267757,0.725,False
heteroskedastic,115,200,0.14630471248208954,0.046,True
heteroskedastic,116,200,0.025799144978624473,0.731,False
heteroskedastic,117,200,0.029141239458953323,0.673,False
heteroskedastic,118,200,0.033800370359546264,0.62,False
heteroskedastic,119,200,0.16433066989076003,0.03,True
heteroskedastic,120,200,0.007523443728678131,0.92,False
heteroskedastic,121,200,0.016453911347783696,0.81,False
heteroskedastic,122,200,-0.04919374829136636,0.454,False
heteroskedastic,123,200,0.18727525210953547,0.006,True
heteroskedastic,124,200,-0.01415585389634741,0.849,False
heteroskedastic,125,200,-0.03820595514887873,0.596,False
heteroskedastic,126,200,0.046559663991599796,0.511,False
heteroskedastic,127,200,0.06651766294157355,0.356,False
heteroskedastic,128,200,-0.20392259806495164,0.004,True
heteroskedastic,129,200,-0.04400060001500038,0.579,False
heteroskedastic,130,200,-0.013098337282185018,0.844,False
heteroskedastic,131,200,-0.06896277579149603,0.361,False
heteroskedastic,132,200,-0.06612092781854804,0.372,False
heteroskedastic,133,200,0.005265131628290708,0.936,False
heteroskedastic,134,200,-0.048256992617573484,0.485,False
heteroskedastic,135,200,0.002824570614265357,0.966,False
heteroskedastic,136,200,0.07040426010650266,0.34,False
heteroskedastic,137,200,-0.052620604980578245,0.462,False
heteroskedastic,138,200,0.1415218411167283,0.051,False
heteroskedastic,139,200,0.02050327027048456,0.78,False
heteroskedastic,140,200,0.014341869303134558,0.838,False
heteroskedastic,141,200,-0.08029400735018377,0.27,False
heteroskedastic,142,200,0.0716035937925603,0.34,False
heteroskedastic,143,200,-0.10509116668836212,0.154,False
heteroskedastic,144,200,-0.11938877949028796,0.084,False
heteroskedastic,145,200,-0.11536038400960026,0.106,False
heteroskedastic,146,200,-0.08123753093827348,0.25,False
heteroskedastic,147,200,0.09216230405760147,0.235,False
heteroskedastic,148,200,-0.045479636990924784,0.5,False
heteroskedastic,149,200,-0.14497262431560792,0.045,True
heteroskedastic,150,200,0.08250887460352105,0.248,False
heteroskedastic,151,200,0.048653734588518606,0.496,False
heteroskedastic,152,200,-0.10248335051502655,0.141,False
heteroskedastic,153,200,-0.10307657691442289,0.157,False
heteroskedastic,154,200,0.15548794550662817,0.025,True
heteroskedastic,155,200,0.008545716847565608,0.907,False
heteroskedastic,156,200,-0.015162379059476488,0.834,False
heteroskedastic,157,200,0.08883072076801922,0.205,False
heteroskedastic,158,200,0.021707042676066907,0.749,False
heteroskedastic,159,200,-0.014127374375436843,0.839,False
heteroskedastic,160,200,-0.05178129453236332,0.469,False
heteroskedastic,161,200,0.09758343958598967,0.168,False
heteroskedastic,162,200,0.12778369459236483,0.064,False
heteroskedastic,163,200,-0.06726468161704043,0.39,False
heteroskedastic,164,200,-0.034013350333758345,0.639,False
heteroskedastic,165,200,0.017970456000322273,0.798,False
heteroskedastic,166,200,0.03929051173067707,0.574,False
heteroskedastic,167,200,0.010596264906622667,0.876,False
heteroskedastic,168,200,-0.18462768492751805,0.01,True
heteroskedastic,169,200,-0.09110031167041505,0.193,False
heteroskedastic,170,200,-0.028537474138408268,0.701,False
heteroskedastic,171,200,0.0867877022379504,0.234,False
heteroskedastic,172,200,-0.0523963099077477,0.458,False
heteroskedastic,173,200,-0.06881272031800796,0.36,False
heteroskedastic,174,200,-0.008744478449505027,0.913,False
heteroskedastic,175,200,-0.05567541276360279,0.436,False
heteroskedastic,176,200,0.06069004000976952,0.408,False
heteroskedastic,177,200,0.004366609165229131,0.958,False
heteroskedastic,178,200,0.013622595673366171,0.847,False
heteroskedastic,179,200,-0.00031200791720092095,0.999,False
heteroskedastic,180,200,0.12388059701492539,0.087,False
heteroskedastic,181,200,0.05324233105827646,0.479,False
heteroskedastic,182,200,0.06468311707792695,0.388,False
heteroskedastic,183,200,-0.021076284810728554,0.792,False
heteroskedastic,184,200,0.05102677566939175,0.459,False
heteroskedastic,185,200,-0.05800795019875498,0.421,False
heteroskedastic,186,200,0.13341488540272647,0.065,False
heteroskedastic,187,200,-0.010294765090201073,0.892,False
heteroskedastic,188,200,-0.004464863295906448,0.955,False
heteroskedastic,189,200,0.016150159810306323,0.815,False
heteroskedastic,190,200,0.0384489900615049,0.571,False
heteroskedastic,191,200,-0.05853446336158405,0.416,False
heteroskedastic,192,200,-0.012699317482937074,0.844,False
heteroskedastic,193,200,0.009827503058206512,0.908,False
heteroskedastic,194,200,0.03611640291007276,0.613,False
heteroskedastic,195,200,-0.01622140553513838,0.838,False
heteroskedastic,196,200,0.035870396759919,0.638,False
heteroskedastic,197,200,0.07926648166204157,0.251,False
heteroskedastic,198,200,-0.06864771619290483,0.347,False
heteroskedastic,199,200,-0.08615918628935816,0.252,False
heteroskedastic,200,200,0.04774769369234231,0.52,False
heteroskedastic,201,200,0.14639765994149856,0.037,True
heteroskedastic,202,200,-0.008032700817520439,0.919,False
heteroskedastic,203,200,-0.07485789951920557,0.303,False
heteroskedastic,204,200,0.0887917863884995,0.218,False
heteroskedastic,205,200,-0.01466287756910153,0.844,False
heteroskedastic,206,200,-0.004206105152628817,0.946,False
heteroskedastic,207,200,-0.17659948121184818,0.014,True
heteroskedastic,208,200,0.030570764269106734,0.65,False
heteroskedastic,209,200,-0.13479042030692479,0.051,False
heteroskedastic,210,200,-0.0014100352508812722,0.985,False
heteroskedastic,211,200,0.13825475821449942,0.051,False
heteroskedastic,212,200,-0.1474971874296858,0.049,True
heteroskedastic,213,200,-0.11026033920376552,0.128,False
heteroskedastic,214,200,-0.07873777749779272,0.258,False
heteroskedastic,215,200,0.05028352594447438,0.483,False
heteroskedastic,216,200,0.02204831774418812,0.77,False
heteroskedastic,217,200,0.029799006149783147,0.67,False
heteroskedastic,218,200,0.07219980499512489,0.328,False
heteroskedastic,219,200,0.09489315791388875,0.209,False
heteroskedastic,220,200,0.050213024155491476,0.479,False
heteroskedastic,221,200,-0.006781672084929633,0.914,False
heteroskedastic,222,200,0.01738544767528253,0.825,False
heteroskedastic,223,200,0.033743343583589595,0.639,False
heteroskedastic,224,200,-0.03939698492462313,0.589,False
heteroskedastic,225,200,-0.17923736536220852,0.015,True
heteroskedastic,226,200,0.05355583889597241,0.454,False
heteroskedastic,227,200,-0.0746336438287174,0.309,False
heteroskedastic,228,200,-0.05856296407410186,0.404,False
heteroskedastic,229,200,0.044994408606034264,0.523,False
heteroskedastic,230,200,-0.019121735214032404,0.811,False
heteroskedastic,231,200,-0.033264831620790525,0.664,False
heteroskedastic,232,200,0.05034883424416413,0.475,False
heteroskedastic,233,200,0.03639542353387473,0.613,False
heteroskedastic,234,200,0.05801247206648277,0.426,False
heteroskedastic,235,200,-0.08581864546613666,0.242,False
heteroskedastic,236,200,-0.03797796369083133,0.632,False
heteroskedastic,237,200,0.0013530338258456464,0.982,False
heteroskedastic,238,200,-0.07049126228155704,0.301,False
heteroskedastic,239,200,0.033656354029985874,0.648,False
heteroskedastic,240,200,0.03333383334583365,0.653,False
heteroskedastic,241,200,-0.013846851363854334,0.851,False
heteroskedastic,242,200,0.024515881283949957,0.725,False
heteroskedastic,243,200,-0.05319282982074553,0.453,False
heteroskedastic,244,200,0.043612090302257565,0.529,False
heteroskedastic,245,200,-0.08384237750033496,0.282,False
heteroskedastic,246,200,-0.018927473186829673,0.775,False
heteroskedastic,247,200,0.04470188431031752,0.547,False
heteroskedastic,248,200,0.043774860787095554,0.558,False
heteroskedastic,249,200,0.03436062190078315,0.644,False
unequal_blocks,0,200,0.12864021600540015,0.083,False
unequal_blocks,1,200,-0.061549538738468475,0.387,False
unequal_blocks,2,200,0.01234457250195748,0.873,False
unequal_blocks,3,200,-0.15085057783342315,0.041,True
unequal_blocks,4,200,-0.01745893647341184,0.808,False
unequal_blocks,5,200,-0.001962049051226281,0.981,False
unequal_blocks,6,200,-0.007426688452219998,0.905,False
unequal_blocks,7,200,0.13144908552055434,0.064,False
unequal_blocks,8,200,0.09930476985854214,0.172,False
unequal_blocks,9,200,0.1086132560613802,0.154,False
unequal_blocks,10,200,-0.043585089627240683,0.554,False
unequal_blocks,11,200,-0.08740796797719357,0.227,False
unequal_blocks,12,200,-0.25120837441251836,0.001,True
unequal_blocks,13,200,-0.010297757443936099,0.875,False
unequal_blocks,14,200,0.03691968683705609,0.609,False
unequal_blocks,15,200,-0.04104929162577789,0.562,False
unequal_blocks,16,200,-0.07806195154878873,0.291,False
unequal_blocks,17,200,-0.0741633540838521,0.327,False
unequal_blocks,18,200,0.1243006075151879,0.08,False
unequal_blocks,19,200,0.007113177829445737,0.912,False
unequal_blocks,20,200,0.05826750038815139,0.433,False
unequal_blocks,21,200,0.09303761082938135,0.217,False
unequal_blocks,22,200,0.08931454984965864,0.234,False
unequal_blocks,23,200,0.06344263364781644,0.366,False
unequal_blocks,24,200,-0.095174379359484,0.193,False
unequal_blocks,25,200,-0.08356708917722944,0.232,False
unequal_blocks,26,200,0.1313201314934229,0.071,False
unequal_blocks,27,200,0.025481146584096368,0.746,False
unequal_blocks,28,200,0.002572564314107853,0.974,False
unequal_blocks,29,200,-0.10166954173854348,0.161,False
unequal_blocks,30,200,-0.06821720543013576,0.377,False
unequal_blocks,31,200,0.02501612540313508,0.737,False
unequal_blocks,32,200,-0.006919680776660777,0.935,False
unequal_blocks,33,200,-0.0920963024075602,0.195,False
unequal_blocks,34,200,-0.07877296932423311,0.288,False
unequal_blocks,35,200,-0.13704433028313828,0.064,False
unequal_blocks,36,200,-0.08383340871027428,0.237,False
unequal_blocks,37,200,-0.13070656667913869,0.094,False
unequal_blocks,38,200,-0.03049952392542175,0.704,False
unequal_blocks,39,200,-0.13415815426317387,0.07,False
unequal_blocks,40,200,0.07674422616382372,0.298,False
unequal_blocks,41,200,0.13368794246451848,0.061,False
unequal_blocks,42,200,-0.03659569233908803,0.595,False
unequal_blocks,43,200,0.0071596789919748,0.94,False
unequal_blocks,44,200,0.03729319631485912,0.61,False
unequal_blocks,45,200,0.024856380730662788,0.746,False
unequal_blocks,46,200,0.057393727888493125,0.448,False
unequal_blocks,47,200,0.12804470111752794,0.088,False
unequal_blocks,48,200,-0.01694892372309308,0.81,False
unequal_blocks,49,200,-0.07671341783544589,0.301,False
unequal_blocks,50,200,0.019531988299707495,0.782,False
unequal_blocks,51,200,0.08895835739657111,0.221,False
unequal_blocks,52,200,-0.14025650641266033,0.054,False
unequal_blocks,53,200,-0.049762244056101405,0.47,False
unequal_blocks,54,200,0.00253806345158629,0.974,False
unequal_blocks,55,200,-0.0893047661084463,0.209,False
unequal_blocks,56,200,-0.01222980574514363,0.88,False
unequal_blocks,57,200,0.08729171502727497,0.208,False
unequal_blocks,58,200,0.018625222615025167,0.824,False
unequal_blocks,59,200,-0.0858483677886145,0.251,False
unequal_blocks,60,200,0.11136432586977676,0.133,False
unequal_blocks,61,200,0.04882777562564165,0.49,False
unequal_blocks,62,200,-0.015207380184504614,0.836,False
unequal_blocks,63,200,-0.05978549463736594,0.432,False
unequal_blocks,64,200,0.029078226955673896,0.713,False
unequal_blocks,65,200,0.06664596613364669,0.372,False
unequal_blocks,66,200,0.0670952025407692,0.348,False
unequal_blocks,67,200,0.002191554788869722,0.973,False
unequal_blocks,68,200,-0.11886235527904002,0.092,False
unequal_blocks,69,200,0.05049876246906172,0.485,False
unequal_blocks,70,200,-0.07876552821235146,0.275,False
unequal_blocks,71,200,0.015308644197592394,0.832,False
unequal_blocks,72,200,-0.0454016520669244,0.537,False
unequal_blocks,73,200,0.046898672466811675,0.523,False
unequal_blocks,74,200,0.18040651016275408,0.013,True
unequal_blocks,75,200,0.12539563489087227,0.081,False
unequal_blocks,76,200,0.09021525538138454,0.204,False
unequal_blocks,77,200,0.03793972694796892,0.602,False
unequal_blocks,78,200,0.043778594464861625,0.55,False
unequal_blocks,79,200,-0.14493142763498643,0.046,True
unequal_blocks,80,200,-0.07350489275098834,0.305,False
unequal_blocks,81,200,0.027449186229655746,0.715,False
unequal_blocks,82,200,-0.028586225375470915,0.714,False
unequal_blocks,83,200,-0.06304057601440037,0.377,False
unequal_blocks,84,200,-0.01816096083438245,0.792,False
unequal_blocks,85,200,-0.15819395484887125,0.029,True
unequal_blocks,86,200,-0.06097202430060752,0.401,False
unequal_blocks,87,200,-0.09819995499887499,0.166,False
unequal_blocks,88,200,-0.04535213380334509,0.509,False
unequal_blocks,89,200,0.07793144828620716,0.285,False
unequal_blocks,90,200,0.10041251031275783,0.169,False
unequal_blocks,91,200,0.06142503562589066,0.394,False
unequal_blocks,92,200,0.01132078301957549,0.868,False
unequal_blocks,93,200,-0.017351690299142564,0.82,False
unequal_blocks,94,200,-0.059016747549973235,0.416,False
unequal_blocks,95,200,0.022206555163879097,0.761,False
unequal_blocks,96,200,0.06813170329258232,0.344,False
unequal_blocks,97,200,0.146579164479112,0.044,True
unequal_blocks,98,200,0.06831170779269483,0.336,False
unequal_blocks,99,200,-0.007885703056855932,0.916,False
unequal_blocks,100,200,-0.15529738243456087,0.029,True
unequal_blocks,101,200,-0.026862671566789176,0.702,False
unequal_blocks,102,200,-0.15866946673666843,0.027,True
unequal_blocks,103,200,0.07815195379884499,0.308,False
unequal_blocks,104,200,-0.01564089102227556,0.819,False
unequal_blocks,105,200,-0.026887432268595707,0.709,False
unequal_blocks,106,200,0.13048226205655142,0.077,False
unequal_blocks,107,200,0.035176642607308635,0.631,False
unequal_blocks,108,200,0.07509790560936012,0.288,False
unequal_blocks,109,200,-0.03428635715892898,0.644,False
unequal_blocks,110,200,0.02039000975024376,0.762,False
unequal_blocks,111,200,0.04715217880447012,0.522,False
unequal_blocks,112,200,-0.070411115894591,0.308,False
unequal_blocks,113,200,-0.006999927623163931,0.93,False
unequal_blocks,114,200,-0.11185629640741021,0.108,False
unequal_blocks,115,200,-0.05059253378554837,0.477,False
unequal_blocks,116,200,0.07840996024900623,0.26,False
unequal_blocks,117,200,0.04439137643118006,0.554,False
unequal_blocks,118,200,-0.07470486762169055,0.303,False
unequal_blocks,119,200,-0.00960024360618218,0.901,False
unequal_blocks,120,200,0.18677055934190306,0.007,True
unequal_blocks,121,200,0.025523138078451964,0.718,False
unequal_blocks,122,200,0.012006304659981593,0.875,False
unequal_blocks,123,200,-0.07210232959661858,0.339,False
unequal_blocks,124,200,0.061383057595090794,0.387,False
unequal_blocks,125,200,-0.023457595236480777,0.792,False
unequal_blocks,126,200,0.05884124309654771,0.402,False
unequal_blocks,127,200,0.014488117635986033,0.856,False
unequal_blocks,128,200,0.03352736332961517,0.639,False
unequal_blocks,129,200,-0.08818202068703268,0.235,False
unequal_blocks,130,200,-0.11037275931898298,0.133,False
unequal_blocks,131,200,-0.017849702936213265,0.831,False
unequal_blocks,132,200,0.08250056251406286,0.241,False
unequal_blocks,133,200,0.12702317557938952,0.089,False
unequal_blocks,134,200,0.09360834020850521,0.176,False
unequal_blocks,135,200,-0.004283360296527636,0.941,False
unequal_blocks,136,200,-0.019018975474386864,0.812,False
unequal_blocks,137,200,0.033855846396159905,0.64,False
unequal_blocks,138,200,-0.052093341403555794,0.481,False
unequal_blocks,139,200,0.06719867996699919,0.375,False
unequal_blocks,140,200,0.1097727854844394,0.136,False
unequal_blocks,141,200,0.08980574514362862,0.223,False
unequal_blocks,142,200,0.09594689867246681,0.166,False
unequal_blocks,143,200,0.06373959348983725,0.374,False
unequal_blocks,144,200,0.06354236238745005,0.369,False
unequal_blocks,145,200,0.014641866046651167,0.827,False
unequal_blocks,146,200,0.08940826873482544,0.247,False
unequal_blocks,147,200,-0.03983876090856085,0.536,False
unequal_blocks,148,200,-0.10268060552037231,0.159,False
unequal_blocks,149,200,0.08181957617175113,0.253,False
unequal_blocks,150,200,-0.20339908497712444,0.007,True
unequal_blocks,151,200,0.07018675466886673,0.319,False
unequal_blocks,152,200,0.02428410710267757,0.72,False
unequal_blocks,153,200,-0.06832598377184303,0.34,False
unequal_blocks,154,200,0.04324759740778727,0.563,False
unequal_blocks,155,200,0.015439885997149932,0.847,False
unequal_blocks,156,200,-0.10759768994224857,0.117,False
unequal_blocks,157,200,0.044468611715292886,0.546,False
unequal_blocks,158,200,0.024961383395105407,0.744,False
unequal_blocks,159,200,-0.05269258707440073,0.47,False
unequal_blocks,160,200,-0.04525913147828696,0.502,False
unequal_blocks,161,200,-0.026170423888415128,0.719,False
unequal_blocks,162,200,0.10710425793464182,0.131,False
unequal_blocks,163,200,-0.07375984399609992,0.321,False
unequal_blocks,164,200,0.24877221930548263,0.001,True
unequal_blocks,165,200,-0.027023935732371114,0.705,False
unequal_blocks,166,200,0.1661921548038701,0.02,True
unequal_blocks,167,200,-0.009009225230630767,0.901,False
unequal_blocks,168,200,-0.057017925448136206,0.419,False
unequal_blocks,169,200,-0.06673294334844217,0.383,False
unequal_blocks,170,200,-0.04102005626644886,0.558,False
unequal_blocks,171,200,-0.008386709667741696,0.91,False
unequal_blocks,172,200,0.04796746717448293,0.507,False
unequal_blocks,173,200,-0.06306307657691443,0.383,False
unequal_blocks,174,200,0.0949546950833984,0.19,False
unequal_blocks,175,200,0.0013950348758718972,0.987,False
unequal_blocks,176,200,-0.02080102002550064,0.769,False
unequal_blocks,177,200,-0.0644611115277882,0.384,False
unequal_blocks,178,200,-0.19656423781754845,0.011,True
unequal_blocks,179,200,0.010675020878655548,0.898,False
unequal_blocks,180,200,-0.049442736068401716,0.51,False
unequal_blocks,181,200,0.04070353285214899,0.581,False
unequal_blocks,182,200,-0.027419966346622734,0.717,False
unequal_blocks,183,200,0.0021705550778352532,0.974,False
unequal_blocks,184,200,0.12524863121578042,0.08,False
unequal_blocks,185,200,0.009517737943448587,0.895,False
unequal_blocks,186,200,-0.0030263279279441444,0.965,False
unequal_blocks,187,200,0.030497262431560798,0.677,False
unequal_blocks,188,200,-0.023801095027375686,0.736,False
unequal_blocks,189,200,-0.0637530938273457,0.376,False
unequal_blocks,190,200,-0.06781222073510593,0.35,False
unequal_blocks,191,200,-0.05359560998860723,0.432,False
unequal_blocks,192,200,0.0662836819484341,0.375,False
unequal_blocks,193,200,-0.037842960265119394,0.627,False
unequal_blocks,194,200,-0.10083102077551939,0.156,False
unequal_blocks,195,200,-0.042028082223129065,0.576,False
unequal_blocks,196,200,0.031875844709893776,0.67,False
unequal_blocks,197,200,-0.015294399566189743,0.842,False
unequal_blocks,198,200,-0.07828023636100317,0.285,False
unequal_blocks,199,200,-0.1783545257461034,0.017,True
unequal_blocks,200,200,-0.08523966295645352,0.237,False
unequal_blocks,201,200,-0.012370818548577626,0.849,False
unequal_blocks,202,200,0.06867324258353538,0.349,False
unequal_blocks,203,200,0.04356335542014686,0.527,False
unequal_blocks,204,200,-0.012765319132978327,0.85,False
unequal_blocks,205,200,-0.035553902180270325,0.626,False
unequal_blocks,206,200,0.03531988299707493,0.632,False
unequal_blocks,207,200,0.03969999249981249,0.598,False
unequal_blocks,208,200,-0.21779352651075054,0.007,True
unequal_blocks,209,200,0.023753111642624794,0.743,False
unequal_blocks,210,200,-0.019840996024900626,0.8,False
unequal_blocks,211,200,-0.003447837488876523,0.968,False
unequal_blocks,212,200,0.012803579692180675,0.857,False
unequal_blocks,213,200,-0.03152928823220581,0.655,False
unequal_blocks,214,200,-0.03831395784894623,0.596,False
unequal_blocks,215,200,-0.03039227120388394,0.69,False
unequal_blocks,216,200,0.08015000375009375,0.265,False
unequal_blocks,217,200,-0.08092558383380649,0.272,False
unequal_blocks,218,200,-0.1331913297832446,0.073,False
unequal_blocks,219,200,0.04543840299947931,0.543,False
unequal_blocks,220,200,-0.1398994974874372,0.048,True
unequal_blocks,221,200,-0.010839270981774547,0.872,False
unequal_blocks,222,200,-0.06086261285924077,0.384,False
unequal_blocks,223,200,0.00032625827880384764,0.999,False
unequal_blocks,224,200,-0.05478589019196748,0.462,False
unequal_blocks,225,200,0.01806795169879247,0.819,False
unequal_blocks,226,200,0.10087002175054378,0.159,False
unequal_blocks,227,200,-0.04973524338108454,0.473,False
unequal_blocks,228,200,-0.23762244056101403,0.001,True
unequal_blocks,229,200,0.0005865148828151927,0.993,False
unequal_blocks,230,200,-0.13612690317257933,0.064,False
unequal_blocks,231,200,0.0145526247300868,0.831,False
unequal_blocks,232,200,0.128576512629017,0.077,False
unequal_blocks,233,200,-0.04493739028628168,0.52,False
unequal_blocks,234,200,0.03601142729426296,0.598,False
unequal_blocks,235,200,0.014993630463374062,0.85,False
unequal_blocks,236,200,-0.02734718367959199,0.684,False
unequal_blocks,237,200,-0.007207682894953967,0.936,False
unequal_blocks,238,200,0.06991530031898321,0.331,False
unequal_blocks,239,200,0.10007800195004875,0.156,False
unequal_blocks,240,200,0.18955823895597396,0.008,True
unequal_blocks,241,200,-0.06655896389332025,0.367,False
unequal_blocks,242,200,0.11825625075237117,0.113,False
unequal_blocks,243,200,0.0692102562102562,0.348,False
unequal_blocks,244,200,-0.051440805310438376,0.46,False
unequal_blocks,245,200,0.0267996699917498,0.719,False
unequal_blocks,246,200,-0.17335271383242995,0.019,True
unequal_blocks,247,200,-0.1082082457842444,0.147,False
unequal_blocks,248,200,0.031466286657166435,0.661,False
unequal_blocks,249,200,0.05880597014925374,0.424,False
clustered,0,100,0.023126312631263125,0.829,False
clustered,1,100,-0.053861386138613854,0.582,False
clustered,2,100,-0.13381338133813378,0.184,False
clustered,3,100,0.1903150315031503,0.052,False
clustered,4,100,0.04278427842784278,0.682,False
clustered,5,100,-0.22269426942694268,0.027,True
clustered,6,100,-0.03511551155115511,0.747,False
clustered,7,100,0.041512151215121515,0.672,False
clustered,8,100,0.1756135613561356,0.118,False
clustered,9,100,-0.06690669066906689,0.503,False
clustered,10,100,0.10363036303630362,0.339,False
clustered,11,100,-0.04026402640264026,0.698,False
clustered,12,100,-0.137029702970297,0.163,False
clustered,13,100,0.11897989798979897,0.239,False
clustered,14,100,0.028082808280828077,0.789,False
clustered,15,100,-0.06187818781878187,0.552,False
clustered,16,100,-0.037731773177317726,0.755,False
clustered,17,100,0.10655865586558655,0.31,False
clustered,18,100,-0.10993099309930993,0.265,False
clustered,19,100,-0.21038103810381034,0.036,True
clustered,20,100,0.06114611461146115,0.528,False
clustered,21,100,-0.02135013501350135,0.839,False
clustered,22,100,-0.04418841884188419,0.662,False
clustered,23,100,-0.04782478247824782,0.652,False
clustered,24,100,-0.007236723672367236,0.953,False
clustered,25,100,0.045472547254725465,0.655,False
clustered,26,100,0.035847584758475846,0.709,False
clustered,27,100,-0.07168316831683168,0.475,False
clustered,28,100,0.05995799579957996,0.543,False
clustered,29,100,0.08802880288028801,0.402,False
clustered,30,100,-0.07182718271827182,0.49,False
clustered,31,100,0.008796879687968795,0.941,False
clustered,32,100,0.13459345934593459,0.199,False
clustered,33,100,0.04154815481548155,0.658,False
clustered,34,100,-0.10465046504650463,0.32,False
clustered,35,100,-0.14069006900690068,0.157,False
clustered,36,100,0.20364836483648363,0.043,True
clustered,37,100,0.03216321632163216,0.776,False
clustered,38,100,0.06376237623762376,0.555,False
clustered,39,100,-0.1933033303330333,0.054,False
clustered,40,100,0.0921212121212121,0.353,False
clustered,41,100,0.019957995799579954,0.865,False
clustered,42,100,-0.07698769876987699,0.445,False
clustered,43,100,-0.0963216321632163,0.372,False
clustered,44,100,0.09582958295829581,0.363,False
clustered,45,100,0.0836963696369637,0.406,False
clustered,46,100,0.18877887788778877,0.06,False
clustered,47,100,0.17263726372637261,0.095,False
clustered,48,100,-0.12254425442544252,0.218,False
clustered,49,100,0.01182118211821182,0.899,False
clustered,50,100,0.07747974797479748,0.454,False
clustered,51,100,0.03121512151215121,0.762,False
clustered,52,100,-0.1502190219021902,0.158,False
clustered,53,100,0.0053165316531653154,0.975,False
clustered,54,100,0.033675367536753674,0.732,False
clustered,55,100,-0.15584758475847585,0.123,False
clustered,56,100,0.026234623462346233,0.802,False
clustered,57,100,0.0386078607860786,0.727,False
clustered,58,100,0.02155415541554155,0.847,False
clustered,59,100,-0.22199819981998198,0.03,True
clustered,60,100,-0.10778277827782777,0.305,False
clustered,61,100,0.011245124512451243,0.911,False
clustered,62,100,0.047068706870687066,0.67,False
clustered,63,100,0.08592859285928592,0.391,False
clustered,64,100,0.004932493249324933,0.969,False
clustered,65,100,0.043780378037803776,0.674,False
clustered,66,100,-0.00102010201020102,0.994,False
clustered,67,100,-0.09237323732373236,0.39,False
clustered,68,100,0.10858685868586858,0.313,False
clustered,69,100,0.05333333333333333,0.592,False
clustered,70,100,-0.004308430843084308,0.961,False
clustered,71,100,0.10492649264926492,0.293,False
clustered,72,100,-0.015829582958295826,0.867,False
clustered,73,100,-0.06714671467146714,0.52,False
clustered,74,100,-0.05684968496849684,0.599,False
clustered,75,100,0.048868886888688866,0.654,False
clustered,76,100,0.0666186618661866,0.522,False
clustered,77,100,0.0051965196519651955,0.957,False
clustered,78,100,0.09162916291629163,0.344,False
clustered,79,100,0.08207620762076206,0.442,False
clustered,80,100,-0.09102910291029101,0.365,False
clustered,81,100,0.012961296129612962,0.898,False
clustered,82,100,-0.10766276627662764,0.303,False
clustered,83,100,-0.017293729372937293,0.849,False
clustered,84,100,0.13885388538853885,0.151,False
clustered,85,100,0.0006000600060005999,0.99,False
clustered,86,100,-0.1391299129912991,0.189,False
clustered,87,100,-0.07093909390939093,0.521,False
clustered,88,100,0.15248724872487246,0.136,False
clustered,89,100,-0.06022202220222022,0.57,False
clustered,90,100,0.09389738973897388,0.356,False
clustered,91,100,0.07071107110711071,0.494,False
clustered,92,100,-0.11806780678067806,0.272,False
clustered,93,100,-0.1046144614461446,0.294,False
clustered,94,100,-0.032067206720672065,0.776,False
clustered,95,100,0.055193519351935186,0.595,False
clustered,96,100,-0.0062046204620462035,0.959,False
clustered,97,100,-0.006216621662166216,0.948,False
clustered,98,100,0.031335133513351335,0.749,False
clustered,99,100,0.11657965796579656,0.261,False
clustered,100,100,0.12584458445844582,0.229,False
clustered,101,100,0.10064206420642062,0.322,False
clustered,102,100,-0.02724272427242724,0.794,False
clustered,103,100,-0.061806180618061805,0.57,False
clustered,104,100,-0.01579357935793579,0.881,False
clustered,105,100,-0.013345334533453344,0.898,False
clustered,106,100,0.138013801380138,0.179,False
clustered,107,100,-0.013165316531653164,0.88,False
clustered,108,100,0.009348934893489348,0.934,False
clustered,109,100,0.0983138313831383,0.354,False
clustered,110,100,-0.03992799279927992,0.701,False
clustered,111,100,-0.1596999699969997,0.119,False
clustered,112,100,0.002844284428442844,0.975,False
clustered,113,100,0.08684068406840684,0.341,False
clustered,114,100,-0.03231923192319232,0.764,False
clustered,115,100,-0.0733033303330333,0.452,False
clustered,116,100,-0.06639063906390638,0.518,False
clustered,117,100,-0.06787878787878787,0.507,False
clustered,118,100,0.1467146714671467,0.152,False
clustered,119,100,-0.15035103510351033,0.166,False
clustered,120,100,-0.09366936693669366,0.351,False
clustered,121,100,0.27920792079207923,0.005,True
clustered,122,100,0.15684368436843682,0.095,False
clustered,123,100,-0.016357635763576354,0.874,False
clustered,124,100,-0.012793279327932791,0.897,False
clustered,125,100,0.0937893789378938,0.358,False
clustered,126,100,-0.05728172817281728,0.58,False
clustered,127,100,-0.11043504350435043,0.289,False
clustered,128,100,-0.08424842484248425,0.407,False
clustered,129,100,0.10568256825682568,0.287,False
clustered,130,100,0.039843984398439836,0.738,False
clustered,131,100,0.00174017401740174,0.994,False
clustered,132,100,0.014497449744974496,0.891,False
clustered,133,100,0.3111551155115511,0.003,True
clustered,134,100,-0.10585058505850582,0.299,False
clustered,135,100,-0.014665466546654665,0.896,False
clustered,136,100,0.11656765676567656,0.247,False
clustered,137,100,-0.15655565556555653,0.142,False
clustered,138,100,-0.16334833483348335,0.122,False
clustered,139,100,0.0008880888088808879,0.99,False
clustered,140,100,0.1256285628562856,0.25,False
clustered,141,100,0.163036303630363,0.111,False
clustered,142,100,0.0138013801380138,0.886,False
clustered,143,100,0.018841884188418843,0.844,False
clustered,144,100,-0.061866186618661854,0.556,False
clustered,145,100,-0.22517851785178516,0.028,True
clustered,146,100,0.08874887488748874,0.38,False
clustered,147,100,-0.09944194419441942,0.345,False
clustered,148,100,-0.18565856585658563,0.058,False
clustered,149,100,0.14252625262526253,0.163,False
clustered,150,100,0.10049804980498048,0.323,False
clustered,151,100,-0.02415841584158416,0.84,False
clustered,152,100,-0.2947734773477348,0.003,True
clustered,153,100,-0.17276927692769273,0.102,False
clustered,154,100,-0.08812481248124811,0.392,False
clustered,155,100,-0.024518451845184516,0.816,False
clustered,156,100,0.09165316531653164,0.38,False
clustered,157,100,-0.17707770777077705,0.091,False
clustered,158,100,-0.10709870987098709,0.277,False
clustered,159,100,-0.16242424242424242,0.13,False
clustered,160,100,0.009504950495049503,0.932,False
clustered,161,100,0.09002100210021001,0.396,False
clustered,162,100,0.031227122712271224,0.766,False
clustered,163,100,-0.048568856885688565,0.658,False
clustered,164,100,0.02712271227122712,0.803,False
clustered,165,100,-0.007224722472247224,0.945,False
clustered,166,100,-0.08316831683168316,0.405,False
clustered,167,100,0.05224122412241224,0.637,False
clustered,168,100,-0.11084308430843083,0.302,False
clustered,169,100,0.013477347734773475,0.886,False
clustered,170,100,-0.07935193519351935,0.436,False
clustered,171,100,0.06564656465646564,0.525,False
clustered,172,100,0.08919291929192917,0.396,False
clustered,173,100,-0.06195019501950194,0.504,False
clustered,174,100,0.04675667566756675,0.667,False
clustered,175,100,-0.08474047404740473,0.427,False
clustered,176,100,-0.04219621962196219,0.685,False
clustered,177,100,-0.08394839483948394,0.414,False
clustered,178,100,-0.16919291929192917,0.125,False
clustered,179,100,0.004596459645964596,0.964,False
clustered,180,100,0.13804980498049801,0.157,False
clustered,181,100,-0.08160816081608159,0.442,False
clustered,182,100,-0.15684368436843682,0.14,False
clustered,183,100,-0.026918691869186915,0.807,False
clustered,184,100,0.002736273627362736,0.986,False
clustered,185,100,0.11518751875187518,0.27,False
clustered,186,100,-0.07545154515451544,0.418,False
clustered,187,100,0.06153015301530152,0.516,False
clustered,188,100,-0.12758475847584758,0.216,False
clustered,189,100,-0.07864386438643862,0.444,False
clustered,190,100,0.061026102610261014,0.53,False
clustered,191,100,0.06237023702370237,0.543,False
clustered,192,100,0.10168616861686167,0.324,False
clustered,193,100,-0.13234923492349235,0.198,False
clustered,194,100,0.09359735973597359,0.349,False
clustered,195,100,-0.24843684368436844,0.014,True
clustered,196,100,-0.13304530453045305,0.204,False
clustered,197,100,0.1612841284128413,0.103,False
clustered,198,100,-0.02498649864986498,0.829,False
clustered,199,100,0.15552355235523552,0.119,False
clustered,200,100,0.07102310231023101,0.485,False
clustered,201,100,0.029102910291029103,0.803,False
clustered,202,100,-0.04386438643864386,0.683,False
clustered,203,100,0.07781578157815781,0.444,False
clustered,204,100,-0.12374437443744372,0.212,False
clustered,205,100,0.11005100510051004,0.293,False
clustered,206,100,0.048772877287728764,0.636,False
clustered,207,100,-0.03336333633363336,0.75,False
clustered,208,100,-0.014257425742574256,0.898,False
clustered,209,100,-0.050837083708370825,0.629,False
clustered,210,100,-0.04776477647764776,0.644,False
clustered,211,100,0.1540834083408341,0.142,False
clustered,212,100,0.13476147614761474,0.181,False
clustered,213,100,-0.14201020102010198,0.187,False
clustered,214,100,0.003408340834083408,0.978,False
clustered,215,100,-0.06569456945694568,0.532,False
clustered,216,100,0.05604560456045604,0.578,False
clustered,217,100,0.1606360636063606,0.112,False
clustered,218,100,0.06508250825082508,0.536,False
clustered,219,100,0.07734773477347733,0.429,False
clustered,220,100,0.17328532853285328,0.1,False
clustered,221,100,0.00066006600660066,0.995,False
clustered,222,100,0.01399339933993399,0.91,False
clustered,223,100,0.0033603360336033603,0.973,False
clustered,224,100,-0.1175037503750375,0.242,False
clustered,225,100,0.02814281428142814,0.773,False
clustered,226,100,0.11765976597659765,0.274,False
clustered,227,100,-0.09464146414641463,0.331,False
clustered,228,100,0.15579957995799576,0.128,False
clustered,229,100,0.09778577857785778,0.332,False
clustered,230,100,-0.2647104710471047,0.012,True
clustered,231,100,0.024170417041704167,0.818,False
clustered,232,100,-0.2522052205220522,0.013,True
clustered,233,100,-0.008964896489648964,0.939,False
clustered,234,100,-0.10803480348034804,0.279,False
clustered,235,100,-0.11236723672367234,0.253,False
clustered,236,100,-0.016417641764176417,0.864,False
clustered,237,100,-0.13408940894089408,0.194,False
clustered,238,100,-0.209036903690369,0.036,True
clustered,239,100,-0.09258925892589258,0.367,False
clustered,240,100,-0.053249324932493236,0.604,False
clustered,241,100,0.015769576957695767,0.888,False
clustered,242,100,-0.03684368436843684,0.733,False
clustered,243,100,-0.11228322832283229,0.262,False
clustered,244,100,-0.0536093609360936,0.585,False
clustered,245,100,-0.09096909690969096,0.395,False
clustered,246,100,0.1146114611461146,0.266,False
clustered,247,100,-0.08157215721572156,0.426,False
clustered,248,100,-0.034743474347434744,0.753,False
clustered,249,100,-0.01567356735673567,0.884,False
