run_uuid,run_id,config_id,seed_id,split_id,environment_id,model_size,dim,depth,heads,learning_rate,weight_decay,dropout,seed,steps,batch_size,sequence_length,final_train_batch_loss,val_loss,val_perplexity,val_token_accuracy,test_loss,test_perplexity,test_token_accuracy,metric_batch_loss,metric_batch_accuracy,prediction_confidence,prediction_entropy,prediction_margin,gradient_norm,empirical_fisher_trace,fim_erank,fim_norm,feature_erank,parameter_l2,distance_from_initialization_l2,relative_distance_from_initialization,update_to_weight_ratio,sharpness_random_perturbation,random_metric,metric_batch_loss_metric_batch_std,metric_batch_accuracy_metric_batch_std,prediction_confidence_metric_batch_std,prediction_entropy_metric_batch_std,prediction_margin_metric_batch_std,gradient_norm_metric_batch_std,empirical_fisher_trace_metric_batch_std,fim_erank_metric_batch_std,fim_norm_metric_batch_std,feature_erank_metric_batch_std,parameter_l2_metric_batch_std,distance_from_initialization_l2_metric_batch_std,relative_distance_from_initialization_metric_batch_std,update_to_weight_ratio_metric_batch_std,sharpness_random_perturbation_metric_batch_std,elapsed_s,error
afc5e0f3-aad9-45a4-a7d5-bcc719c3173e,fc2620b8f9fe-s1701,fc2620b8f9fe,1701,official-wikitext2-train-valid-test,wikitext2-causal-lm-fixed-splits-v1-factorial,small,96,2,4,0.0001,0.0,0.0,1701,6000,48,64,6.882552623748779,6.61050716638565,742.8596766516803,0.14169921875,6.5516474604606625,700.3971003842977,0.14039306640625,6.902490337689717,0.13671875,0.1208885982632637,6.676027933756511,0.06069889788826307,1.2210909922917683,11.446953137715658,6.999752998352051,0.8749691247940063,1.0117685397466023,1781.052734375,150.88571166992188,0.0843278095126152,0.08471714705228806,0.006923158963521321,-0.2663273861010869,0.06102058266429323,0.01982205383807074,0.00911338449508315,0.0801483676842937,0.006155960192998581,0.14596833859142888,2.8854854085913786,0.5636316525802082,0.07045395657252602,0.002436981468360538,0.0,0.0,0.0,0.0,0.0009250950069468768,151.49278903007507,
1eefe601-63e3-453f-9631-fd8d18b951d6,fc2620b8f9fe-s1702,fc2620b8f9fe,1702,official-wikitext2-train-valid-test,wikitext2-causal-lm-fixed-splits-v1-factorial,small,96,2,4,0.0001,0.0,0.0,1702,6000,48,64,6.664970397949219,6.61254585981369,744.3756846050735,0.1411376953125,6.555884218215942,703.3708082228007,0.1418701171875,6.798570076624553,0.13736979166666666,0.11726540327072144,6.6891404787699384,0.05768354112903277,1.0430049300193787,10.202446937561035,7.038896878560384,0.879862109820048,1.009952147801717,1780.5809326171875,151.569580078125,0.08473116159439087,0.08512366563081741,0.004451195398966472,0.7146502683560053,0.12337366600695046,0.005966895436140416,0.009675551131408876,0.07789075028360327,0.008268081532528004,0.07039365063722754,2.6433894672225344,0.870899151238857,0.10886239390485712,0.0038870791089665228,0.0,0.0,0.0,0.0,0.0012523305537368743,147.78945302963257,
0a38c197-3143-4b7c-93d5-9383cef4c3b5,fc2620b8f9fe-s1703,fc2620b8f9fe,1703,official-wikitext2-train-valid-test,wikitext2-causal-lm-fixed-splits-v1-factorial,small,96,2,4,0.0001,0.0,0.0,1703,6000,48,64,6.72455358505249,6.605567216873169,739.1990364872054,0.1412841796875,6.520909821987152,679.196051815093,0.14300537109375,6.85060852766037,0.13411458333333334,0.11821165929238002,6.736375172932942,0.05954784279068311,1.1140373945236206,9.672121365865072,7.371984004974365,0.9214980006217957,1.0080901384353638,1779.864990234375,150.66680908203125,0.08426656574010849,0.08465069532394409,0.0048460761706034345,0.8303765257199606,0.17705504466466637,0.013294647042097745,0.003652641107539981,0.037379038347906984,0.0027027576790046885,0.09023797430478779,0.7576592628971482,0.10004776923112799,0.012505971153890998,0.001650345403785532,0.0,0.0,0.0,0.0,0.0029123895679282665,148.0230314731598,
c77aea3b-752e-4482-bae6-1b649f873d74,fc2620b8f9fe-s1704,fc2620b8f9fe,1704,official-wikitext2-train-valid-test,wikitext2-causal-lm-fixed-splits-v1-factorial,small,96,2,4,0.0001,0.0,0.0,1704,6000,48,64,6.85981559753418,6.616881847381592,747.6102958687137,0.1435302734375,6.537363481521607,690.4637556894597,0.14178466796875,6.5897946159044904,0.15559895833333334,0.1230323389172554,6.712792873382568,0.06442269434531529,1.122637192408244,9.175301233927408,7.516449451446533,0.9395561814308167,1.0082004070281982,1779.7965087890625,152.18212890625,0.08510521799325943,0.08550535142421722,0.007666607697804769,0.616546019911766,0.21507020885748748,0.028991463643505622,0.011260200735176258,0.07762818038224323,0.009529971706053882,0.06638359137469696,0.3475742708339291,0.061283177940601036,0.0076603972425751295,0.0009768014423200428,0.0,0.0,0.0,0.0,0.003039767293936032,147.4147012233734,
883a91de-fed5-4d65-a7ee-6ce214b1fbf5,fc2620b8f9fe-s1705,fc2620b8f9fe,1705,official-wikitext2-train-valid-test,wikitext2-causal-lm-fixed-splits-v1-factorial,small,96,2,4,0.0001,0.0,0.0,1705,6000,48,64,6.7912678718566895,6.606830298900604,740.133295403505,0.148486328125,6.527559590339661,683.7275983946008,0.1439208984375,6.67668080329895,0.15755208333333334,0.12096966803073883,6.727122942606608,0.06267763798435529,1.0914539496103923,10.184919357299805,7.374231338500977,0.9217789173126221,1.0085781812667847,1780.7529296875,152.5898895263672,0.0852903500199318,0.08568841218948364,0.006732384363810222,0.35505398611227673,0.2688840093103052,0.022637159701450145,0.012474680870605851,0.06484041063604712,0.011658719586703172,0.046830303575877544,0.534847939796306,0.24106699416571717,0.030133374270714646,0.0010916571473264325,0.0,0.0,0.0,0.0,0.0068913898537419265,147.5053186416626,
c93f2155-0882-4c2e-be99-2a5d5654433c,861e7719456d-s1701,861e7719456d,1701,official-wikitext2-train-valid-test,wikitext2-causal-lm-fixed-splits-v1-factorial,small,96,2,4,0.0001,0.001,0.1,1701,6000,48,64,7.205857753753662,6.702440822124482,814.3911852494091,0.11943359375,6.649937701225281,772.7361835181567,0.11661376953125,6.993499716122945,0.11653645833333333,0.12245683372020721,6.469379425048828,0.05539976805448532,1.1033633748690288,9.24980878829956,6.798907279968262,0.8498634099960327,1.0133442878723145,1776.3189697265625,155.9426727294922,0.08715406805276871,0.08778978884220123,0.0034753878911336264,-0.2663273861010869,0.042099677480488595,0.011933790872280834,0.006162393538873599,0.04441917501043525,0.006146884269505087,0.09392036782885597,3.1146990339867613,0.9803189362427261,0.12253986703034077,0.005263807126680435,0.0,0.0,0.0,0.0,0.002905480488329229,151.3263463973999,
74c60b75-bfe9-4fa6-b5fb-39892d09c2ae,861e7719456d-s1702,861e7719456d,1702,official-wikitext2-train-valid-test,wikitext2-causal-lm-fixed-splits-v1-factorial,small,96,2,4,0.0001,0.001,0.1,1702,6000,48,64,6.995866298675537,6.693789708614349,807.3761822091656,0.11573486328125,6.640664076805114,765.6032435986438,0.11744384765625,6.865833540757497,0.11848958333333333,0.11669674515724182,6.486398855845134,0.0519347017010053,0.9832289814949036,8.049628257751465,6.958043575286865,0.8697554469108582,1.0137601296106975,1775.7388916015625,156.57989501953125,0.08753205090761185,0.08817731589078903,0.003925065199534099,0.7146502683560053,0.10712639381682593,0.009230108645024626,0.008088126401725668,0.0713592311924143,0.006028275406392312,0.08542500533806384,2.072682406096878,0.9628574760046739,0.12035718450058423,0.00443178155098067,0.0,0.0,0.0,0.0,0.006651129861362469,151.47857284545898,
77620a7d-384d-429d-983e-feadefb79551,861e7719456d-s1703,861e7719456d,1703,official-wikitext2-train-valid-test,wikitext2-causal-lm-fixed-splits-v1-factorial,small,96,2,4,0.0001,0.001,0.1,1703,6000,48,64,7.026830196380615,6.700336444377899,812.6792005252155,0.11798095703125,6.620802021026611,750.5468101095543,0.11920166015625,6.927784403165181,0.11067708333333333,0.11318612843751907,6.56292184193929,0.049051630000273384,1.0265613595644634,7.955257733662923,7.279067357381185,0.9098834196726481,1.0080864032109578,1775.1212158203125,156.20980834960938,0.08736671507358551,0.08799951523542404,0.0053388675053914385,0.8303765257199606,0.15426860381048754,0.002255274489021976,0.0036797948635421186,0.03990368913883676,0.0024969366669103862,0.07450124040315528,0.636564946669226,0.11376967454801092,0.014221209318501364,0.0028809663847716624,0.0,0.0,0.0,0.0,0.001289648961461217,151.33821940422058,
22fd9bad-15df-4219-bc01-cd8a199d94ba,861e7719456d-s1704,861e7719456d,1704,official-wikitext2-train-valid-test,wikitext2-causal-lm-fixed-splits-v1-factorial,small,96,2,4,0.0001,0.001,0.1,1704,6000,48,64,7.157895565032959,6.7018379926681515,813.9003942004787,0.12333984375,6.630152976512909,757.5980564865449,0.12200927734375,6.717344343662262,0.12630208333333334,0.12332869072755177,6.499189058939616,0.05927808086077372,0.9631204803784689,7.274640401204427,7.395925680796306,0.9244907100995382,1.007844090461731,1775.0882568359375,157.54359436035156,0.0881035253405571,0.08875253796577454,0.002035717169443766,0.616546019911766,0.23119038565277486,0.019563775001714478,0.00902189664171343,0.051433220062128616,0.008252896483002502,0.04414473307600754,0.32714767820201734,0.17673601125987518,0.022092001407484397,0.0010214117460890927,0.0,0.0,0.0,0.0,0.004018654443755099,151.40391612052917,
62f93689-a646-4228-b946-d4e2445a455f,861e7719456d-s1705,861e7719456d,1705,official-wikitext2-train-valid-test,wikitext2-causal-lm-fixed-splits-v1-factorial,small,96,2,4,0.0001,0.001,0.1,1705,6000,48,64,7.137231349945068,6.6996755361557,812.1422716094903,0.12054443359375,6.623665142059326,752.6987956951441,0.11898193359375,6.799597501754761,0.11783854166666667,0.11912522961695989,6.544533729553223,0.05515531077980995,0.9506704211235046,7.622213840484619,7.374271074930827,0.9217838843663534,1.0096911986668904,1776.248046875,156.4954833984375,0.08747338503599167,0.08810452371835709,0.0027733643849690757,0.35505398611227673,0.22894326432791268,0.025113673856752484,0.00855555357468068,0.05063516744500022,0.006930401998280162,0.025306324530455126,0.28802629781130096,0.19593135715642504,0.02449141964455313,0.0004509926959845849,0.0,0.0,0.0,0.0,0.0038444976272196045,151.32642078399658,
ee49631e-8d65-4ce3-942b-c7fa74570747,08b83270bed0-s1701,08b83270bed0,1701,official-wikitext2-train-valid-test,wikitext2-causal-lm-fixed-splits-v1-factorial,small,96,2,4,0.0003,0.0,0.0,1701,6000,48,64,6.432905673980713,6.1864563703536986,486.12041969241744,0.18291015625,6.106980586051941,448.9810069427715,0.1825927734375,6.408237238725026,0.1796875,0.16430492202440897,6.308576424916585,0.09753777831792831,1.3130001227060955,13.164387067159018,7.540561676025391,0.9425702095031738,1.0343331893285115,1776.6904296875,208.50559997558594,0.11653071641921997,0.11735618114471436,0.0041293104489644366,-0.2663273861010869,0.09590032123440664,0.024472586105745445,0.008976318305216622,0.07710899250738068,0.005886544359718272,0.07639160063866436,1.4641175640247752,0.20171476601845556,0.025214345752306945,0.011904647972979372,0.0,0.0,0.0,0.0,0.0017378342837443678,147.78553700447083,
526877c8-fefb-4790-a89d-b6820c09da55,08b83270bed0-s1702,08b83270bed0,1702,official-wikitext2-train-valid-test,wikitext2-causal-lm-fixed-splits-v1-factorial,small,96,2,4,0.0003,0.0,0.0,1702,6000,48,64,6.303551197052002,6.226671874523163,506.0684184744266,0.1767578125,6.1643765568733215,475.5046004314396,0.177294921875,6.387883683045705,0.16145833333333334,0.15022973716259003,6.413014094034831,0.08357882748047511,1.111688454945882,10.474089940388998,7.468667507171631,0.9335834383964539,1.0304025014241536,1776.154052734375,206.48468017578125,0.1154300719499588,0.1162538155913353,0.0038709441820780435,0.7146502683560053,0.14410214124321138,0.013004547106405065,0.009609118796033458,0.07755092918669929,0.008111217644219633,0.09736346288886331,1.4250363800349053,0.248015180896133,0.031001897612016625,0.009677938333680311,0.0,0.0,0.0,0.0,0.0008805039360597381,150.25815510749817,
1e0170bb-f26c-417b-8a09-fae1aa91adce,08b83270bed0-s1703,08b83270bed0,1703,official-wikitext2-train-valid-test,wikitext2-causal-lm-fixed-splits-v1-factorial,small,96,2,4,0.0003,0.0,0.0,1703,6000,48,64,6.298080921173096,6.201142573356629,493.3123647771463,0.1760009765625,6.112980365753174,451.68289132494823,0.1801025390625,6.318489710489909,0.17252604166666666,0.164256622393926,6.311640898386638,0.09550091127554576,1.1752982139587402,10.997204780578613,7.534360408782959,0.9417950510978699,1.02176300684611,1775.4166259765625,206.96429443359375,0.11575323343276978,0.11657223850488663,0.0038406054178873696,0.8303765257199606,0.10524428975324417,0.025113673856752488,0.007932251829177709,0.07535320816195637,0.006197306616807718,0.10674074691811744,0.5365305306438753,0.09421787745868038,0.011777234682335047,0.001744424430993246,0.0,0.0,0.0,0.0,0.0021082724723472932,148.03580904006958,
51136beb-ae5f-4759-aee7-41a61246ecee,08b83270bed0-s1704,08b83270bed0,1704,official-wikitext2-train-valid-test,wikitext2-causal-lm-fixed-splits-v1-factorial,small,96,2,4,0.0003,0.0,0.0,1704,6000,48,64,6.438588619232178,6.215688145160675,500.5403150994988,0.17935791015625,6.1412074089050295,464.6142116663838,0.1794189453125,6.1361233194669085,0.197265625,0.1636787603298823,6.356882413228353,0.0991979365547498,1.1544289191563923,9.844663937886557,7.5631608963012695,0.9453951120376587,1.0269511143366497,1775.59423828125,210.05296325683594,0.11746848374605179,0.11830009520053864,0.0060601433118184405,0.616546019911766,0.1975700906148742,0.03032065370363286,0.01245156694111617,0.05660239082833519,0.014411042253369486,0.03199371889107692,0.5585693558466707,0.075189467922843,0.009398683490355376,0.0026573818735491574,0.0,0.0,0.0,0.0,0.000786267209548394,146.91177940368652,
f5e2125e-5f23-473e-befa-986263572594,08b83270bed0-s1705,08b83270bed0,1705,official-wikitext2-train-valid-test,wikitext2-causal-lm-fixed-splits-v1-factorial,small,96,2,4,0.0003,0.0,0.0,1705,6000,48,64,6.351528644561768,6.198558580875397,492.0392948455881,0.17918701171875,6.117471957206726,453.716229382815,0.17935791015625,6.231279253959656,0.20247395833333334,0.16120404501756033,6.389670530954997,0.09587941318750381,1.192145864168803,11.455205281575521,7.521367232004802,0.9401709040006002,1.0198690096537273,1776.0709228515625,210.16226196289062,0.11747051030397415,0.11832988262176514,0.008022745450337728,0.35505398611227673,0.26877116332880546,0.039467303557884574,0.008744383913919284,0.04092736922400859,0.008849196788397712,0.054605189670027705,1.6403248629097102,0.21540944302773116,0.026926180378466395,0.002810774863748873,0.0,0.0,0.0,0.0,0.002558200343278623,147.2319688796997,
6d07828e-090f-452f-9bb1-f9125ada5ef0,d418fe05a426-s1701,d418fe05a426,1701,official-wikitext2-train-valid-test,wikitext2-causal-lm-fixed-splits-v1-factorial,small,96,2,4,0.0003,0.001,0.1,1701,6000,48,64,6.656160354614258,6.324519884586334,558.0898018157624,0.15316162109375,6.262803852558136,524.6880274614081,0.15023193359375,6.590877274672191,0.14713541666666666,0.14173202713330588,6.390509287516276,0.07378565271695454,0.9344997803370158,7.072056134541829,7.0903825759887695,0.8862978219985962,1.049389402071635,1767.9918212890625,231.51222229003906,0.12938877940177917,0.13094642758369446,0.001412967840830485,-0.2663273861010869,0.07193726239589618,0.009230108645024625,0.0077374606758902785,0.07978389410809203,0.005346746023891392,0.14419597332834505,1.9063398215539882,0.613716306496767,0.07671453831209588,0.016321215551012323,0.0,0.0,0.0,0.0,0.0009313008235934554,151.6192286014557,
b57640c2-a4c9-4566-a855-bd612f52712a,d418fe05a426-s1702,d418fe05a426,1702,official-wikitext2-train-valid-test,wikitext2-causal-lm-fixed-splits-v1-factorial,small,96,2,4,0.0003,0.001,0.1,1702,6000,48,64,6.503940105438232,6.341727638244629,567.7763767214657,0.15325927734375,6.280699729919434,534.1623024321053,0.1533447265625,6.515428900718689,0.14583333333333334,0.13382010658582053,6.478761355082194,0.0684666136900584,0.8511197765668234,6.292766094207764,7.136001745859782,0.8920002182324728,1.0408833821614583,1767.76416015625,228.11602783203125,0.1275225281715393,0.1290421187877655,0.002427220344543457,0.7146502683560053,0.14727718121404412,0.012556836928376242,0.005677779483455204,0.06600982657914704,0.004051528159040117,0.07229900385527939,1.4206201177010327,0.7337265966889353,0.0917158245861169,0.008181223149061811,0.0,0.0,0.0,0.0,0.007533153778937547,152.05157351493835,
74f39b0b-db03-4e7e-8eac-5f7dfd0fc203,d418fe05a426-s1703,d418fe05a426,1703,official-wikitext2-train-valid-test,wikitext2-causal-lm-fixed-splits-v1-factorial,small,96,2,4,0.0003,0.001,0.1,1703,6000,48,64,6.50695276260376,6.346381294727325,570.4247705156108,0.1493408203125,6.258123123645783,522.2378438374352,0.1513916015625,6.483749826749166,0.13802083333333334,0.13470198710759482,6.432457605997722,0.06836248437563579,0.8804981907208761,6.253873825073242,7.308465321858724,0.9135581652323405,1.0396579504013062,1767.192138671875,229.34161376953125,0.12826865911483765,0.12977740168571472,0.0007973114649454752,0.8303765257199606,0.12842944334340747,0.015170807549128964,0.005495873875669584,0.031092600845868797,0.004097687495630205,0.04866144411545724,0.20781591484726308,0.19535069719973766,0.024418837149967208,0.005435921966725087,0.0,0.0,0.0,0.0,0.0022047826765550275,151.85467648506165,
2231b603-df08-4c29-ab58-84fb4b606d46,d418fe05a426-s1704,d418fe05a426,1704,official-wikitext2-train-valid-test,wikitext2-causal-lm-fixed-splits-v1-factorial,small,96,2,4,0.0003,0.001,0.1,1704,6000,48,64,6.629221439361572,6.318429923057556,554.7013845309126,0.15606689453125,6.249279403686524,517.6396809956766,0.15555419921875,6.2683610916137695,0.15950520833333334,0.14207515120506287,6.46483055750529,0.07553911954164505,0.8348354895909628,5.506599585215251,7.440975824991862,0.9301219781239828,1.0335972309112549,1766.447998046875,234.53758239746094,0.13116107881069183,0.13277356326580048,0.0015700658162434895,0.616546019911766,0.19091269274479034,0.0312703384336532,0.011338900081626567,0.07605377660180676,0.010322942634369166,0.042422863037953645,0.07012993445039789,0.04156797638773577,0.005195997048466971,0.005025255694209523,0.0,0.0,0.0,0.0,0.0019810786309276186,151.7452666759491,
e6f0cc37-7148-417f-9417-003840f1e773,d418fe05a426-s1705,d418fe05a426,1705,official-wikitext2-train-valid-test,wikitext2-causal-lm-fixed-splits-v1-factorial,small,96,2,4,0.0003,0.001,0.1,1705,6000,48,64,6.595302581787109,6.335945880413055,564.5031029653027,0.15645751953125,6.266255581378937,526.502237527038,0.15416259765625,6.39503796895345,0.17317708333333334,0.14244057734807333,6.551604747772217,0.07911128550767899,0.8809282183647156,6.183623313903809,7.389875253041585,0.9237344066301981,1.0344255367914836,1768.1163330078125,229.39231872558594,0.12821918725967407,0.12973825633525848,0.0032650629679361978,0.35505398611227673,0.2756509459770653,0.022637159701450145,0.013043909321820342,0.09522285755216615,0.012145377476050273,0.06529403061771803,0.42335216736695497,0.15218569308799257,0.01902321163599907,0.008583957412817271,0.0,0.0,0.0,0.0,0.003402034142208619,151.7791941165924,
9a03a81a-deb9-4bc1-ab3a-81112a693c9e,936879e87fed-s1701,936879e87fed,1701,official-wikitext2-train-valid-test,wikitext2-causal-lm-fixed-splits-v1-factorial,small,96,2,4,0.0003,0.01,0.2,1701,6000,48,64,6.680721759796143,6.332257533073426,562.4248544544754,0.14901123046875,6.272879624366761,530.0013874467304,0.14632568359375,6.611839910348256,0.140625,0.1426252474387487,6.321522076924642,0.07258071502049764,0.8362564047177633,5.819280783335368,6.887161413828532,0.8608951767285665,1.0576666990915935,1736.3076171875,243.9015655517578,0.13631300628185272,0.14047139883041382,0.0009886622428894043,-0.2663273861010869,0.07918775643844941,0.0078125,0.009662165591418631,0.0980721802082322,0.007350368693854936,0.12328710590260018,1.8280075231920605,0.7999671692448973,0.09999589615561216,0.01941863172113699,0.0,0.0,0.0,0.0,0.0012668410195635863,151.6898157596588,
1dfe758c-7f6a-4007-9758-b2b937f1b399,936879e87fed-s1702,936879e87fed,1702,official-wikitext2-train-valid-test,wikitext2-causal-lm-fixed-splits-v1-factorial,small,96,2,4,0.0003,0.01,0.2,1702,6000,48,64,6.528598308563232,6.348067283630371,571.3873115374569,0.1479736328125,6.288418400287628,538.3012783136794,0.149951171875,6.523799300193787,0.13932291666666666,0.13571245471636453,6.405322392781575,0.06938303261995316,0.7494444251060486,4.8135379155476885,7.100261052449544,0.887532631556193,1.0497133334477742,1736.395751953125,242.8865966796875,0.13577964901924133,0.1398797482252121,0.0018038352330525715,0.7146502683560053,0.13158541585471964,0.018460217290049253,0.007526218016685381,0.07496250685987582,0.0059201953975762025,0.04869262043637503,1.163483093747304,0.7110619831460497,0.08888274789325622,0.012688934331560648,0.0,0.0,0.0,0.0,0.006374687738900178,151.93087816238403,
27ff5c9a-0ac3-4320-add0-cc7118a294f8,936879e87fed-s1703,936879e87fed,1703,official-wikitext2-train-valid-test,wikitext2-causal-lm-fixed-splits-v1-factorial,small,96,2,4,0.0003,0.01,0.2,1703,6000,48,64,6.531368732452393,6.354191553592682,574.8973790158544,0.146435546875,6.265484857559204,526.0966060464344,0.1494384765625,6.488529245058696,0.13606770833333334,0.136562908689181,6.374619166056315,0.06520261863867442,0.7774097124735514,4.991108417510986,7.061654885609944,0.882706860701243,1.046573519706726,1735.9814453125,243.1415557861328,0.13598684966564178,0.14005999267101288,0.0003033876419067383,0.8303765257199606,0.13267023054122318,0.014129254175918428,0.0071925516226728015,0.04328751584270423,0.006114452961482942,0.02659840526744028,0.16782243915084544,0.2937869462764516,0.03672336828455645,0.010155085879941909,0.0,0.0,0.0,0.0,0.001566132587076689,151.72444891929626,
7e7f3b0d-1af8-4a4e-a7dc-5bce6a779ad4,936879e87fed-s1704,936879e87fed,1704,official-wikitext2-train-valid-test,wikitext2-causal-lm-fixed-splits-v1-factorial,small,96,2,4,0.0003,0.01,0.2,1704,6000,48,64,6.653924942016602,6.3360671401023865,564.5715585865647,0.14869384765625,6.26963849067688,528.2863629074533,0.14814453125,6.295778910319011,0.15559895833333334,0.14003724853197733,6.440188566843669,0.07318320125341415,0.7142176429430643,4.188637574513753,7.391091505686442,0.9238864382108053,1.0354501008987427,1735.152587890625,248.55984497070312,0.13900278508663177,0.14324955642223358,0.001179059346516927,0.616546019911766,0.19072136452564017,0.030278687380816367,0.012354119469978657,0.08983403730069138,0.010499044032329149,0.01625053483821507,0.11540542269191717,0.032301704626724,0.0040377130783405,0.006597644766444857,0.0,0.0,0.0,0.0,0.001961999444172578,151.78821730613708,
5f88a5a8-e41b-4af9-a42c-3e5ba8ff8075,936879e87fed-s1705,936879e87fed,1705,official-wikitext2-train-valid-test,wikitext2-causal-lm-fixed-splits-v1-factorial,small,96,2,4,0.0003,0.01,0.2,1705,6000,48,64,6.6231842041015625,6.35920102596283,577.7845370832663,0.14853515625,6.2882695436477665,538.221154557781,0.146875,6.4207494258880615,0.16015625,0.1425903489192327,6.510997772216797,0.07854664822419484,0.7521620591481527,4.644932270050049,7.420249303181966,0.9275311628977457,1.0367345015207927,1736.7515869140625,240.28005981445312,0.13430489599704742,0.13835027813911438,0.002577066421508789,0.35505398611227673,0.27275385185242,0.02734375,0.013630970823239642,0.0913930935249983,0.012230315530433007,0.07630322338226814,0.19969054281417245,0.06763639241293366,0.008454549051616708,0.009323437013234034,0.0,0.0,0.0,0.0,0.0033445254601175665,151.79008197784424,
9bed5651-a31e-4fe4-b12d-6ecf76fc1615,76c6a96677f4-s1701,76c6a96677f4,1701,official-wikitext2-train-valid-test,wikitext2-causal-lm-fixed-splits-v1-factorial,small,96,2,4,0.0005,0.0,0.1,1701,6000,48,64,6.37861442565918,6.08377605676651,438.68256140494435,0.1753173828125,6.0120059728622435,408.3015411462486,0.17322998046875,6.303573509057363,0.16471354166666666,0.16656753420829773,6.088990052541097,0.0944063812494278,0.845492402712504,5.867991129557292,7.300363222757976,0.912545402844747,1.1247780720392864,1767.8406982421875,293.0133972167969,0.16376088559627533,0.16574649512767792,0.0004963278770446777,-0.2663273861010869,0.08228501708021256,0.017505637577797856,0.00935831516617141,0.07602589408497186,0.007712740172854938,0.13378287021179347,1.18102488974055,0.38485792809748237,0.048107241012185296,0.042064886527325714,0.0,0.0,0.0,0.0,0.002331767016917121,151.59879302978516,
9caa91c0-0662-472a-8f45-ab4ba9485bfc,76c6a96677f4-s1702,76c6a96677f4,1702,official-wikitext2-train-valid-test,wikitext2-causal-lm-fixed-splits-v1-factorial,small,96,2,4,0.0005,0.0,0.1,1702,6000,48,64,6.233711242675781,6.084958028793335,439.2013784744111,0.17423095703125,6.0243566036224365,413.3755920859023,0.17408447265625,6.210799853006999,0.15625,0.1576937437057495,6.1976339022318525,0.08800505350033443,0.7838306625684103,5.231215794881185,7.355545838673909,0.9194432298342387,1.1225935220718384,1766.9444580078125,292.3683166503906,0.16344115138053894,0.16546548902988434,0.0014274915059407551,0.7146502683560053,0.16362459878207308,0.012807497117777344,0.009608564804883939,0.05105934626162261,0.009551968705138116,0.039411648153548334,0.801850534069312,0.4152999686177221,0.051912496077215264,0.028409276338020463,0.0,0.0,0.0,0.0,0.005917747282206731,151.72850799560547,
b74a4159-adc4-4c7f-9814-264f080a3d25,76c6a96677f4-s1703,76c6a96677f4,1703,official-wikitext2-train-valid-test,wikitext2-causal-lm-fixed-splits-v1-factorial,small,96,2,4,0.0005,0.0,0.1,1703,6000,48,64,6.2415080070495605,6.104768860340118,447.98908144351407,0.170751953125,6.012730860710144,408.59762127118216,0.1757568359375,6.203078190485637,0.16536458333333334,0.16212422649065653,6.131462574005127,0.09046688675880432,0.8245458602905273,5.599575360616048,7.295663356781006,0.9119579195976257,1.0924890836079915,1767.091552734375,287.02032470703125,0.16052784025669098,0.16242526471614838,-0.00026075045267740887,0.8303765257199606,0.14599914665395497,0.03270148009081865,0.007386116392405507,0.04343856836020723,0.0064769109697900415,0.0403569425962503,0.08696088942059596,0.2746295500837341,0.03432869376046676,0.020304082785270853,0.0,0.0,0.0,0.0,0.0027105497534712746,151.98942804336548,
b4cfe6a3-d83c-42b1-8831-5077a1d72a41,76c6a96677f4-s1704,76c6a96677f4,1704,official-wikitext2-train-valid-test,wikitext2-causal-lm-fixed-splits-v1-factorial,small,96,2,4,0.0005,0.0,0.1,1704,6000,48,64,6.371306896209717,6.088227558135986,440.63971032146276,0.17427978515625,6.012582540512085,408.53702248519164,0.17696533203125,5.982305248578389,0.19661458333333334,0.16378542284170786,6.203449090321858,0.093659907579422,0.7577417691548666,4.7105333010355634,7.394456704457601,0.9243070880572001,1.0961436033248901,1765.957275390625,293.7590026855469,0.16427963972091675,0.166345477104187,0.0010186433792114258,0.616546019911766,0.1736808039352026,0.04140133618641835,0.014043145508940548,0.0779436304626772,0.013938898637973537,0.04070911907872135,0.16125981423771005,0.06663999291820918,0.008329999114776148,0.01629548417721665,0.0,0.0,0.0,0.0,0.0021422662047435813,151.84830164909363,
ba5b1622-733a-4cdf-8085-ddc647565614,76c6a96677f4-s1705,76c6a96677f4,1705,official-wikitext2-train-valid-test,wikitext2-causal-lm-fixed-splits-v1-factorial,small,96,2,4,0.0005,0.0,0.1,1705,6000,48,64,6.2991862297058105,6.087466740608216,440.3045914047565,0.17601318359375,6.0148205161094666,409.4523422217233,0.17412109375,6.111836353937785,0.19661458333333334,0.1656330625216166,6.227072874704997,0.09631742040316264,0.8259658614794413,5.350864092508952,7.380513509114583,0.9225641886393229,1.0871837536493938,1767.005859375,293.0041809082031,0.16377513110637665,0.16581958532333374,0.003809372584025065,0.35505398611227673,0.26692728331809024,0.02246801292543932,0.012938844577998179,0.09833718024393594,0.012093717907147684,0.0808355280868247,0.21348231648005994,0.08925138785039038,0.011156423481298798,0.026394475853440902,0.0,0.0,0.0,0.0,0.003312337534259206,151.73787474632263,
f96b587c-0eac-426f-b517-50e9827d42cd,1ce11a78c2c5-s1701,1ce11a78c2c5,1701,official-wikitext2-train-valid-test,wikitext2-causal-lm-fixed-splits-v1-factorial,small,96,2,4,0.0005,0.01,0.0,1701,6000,48,64,6.184521198272705,5.979341471195221,395.1800450068749,0.1962646484375,5.8894379258155825,361.20220487004764,0.1947021484375,6.1390014092127485,0.197265625,0.18280465404192606,6.060362339019775,0.11280139535665512,1.2485517660776775,12.011871337890625,7.62546968460083,0.9531837105751038,1.0695231755574544,1721.1748046875,261.0917663574219,0.14592035114765167,0.1516939252614975,0.0035005807876586914,-0.2663273861010869,0.07658666743785546,0.023680382134730744,0.012830271910168166,0.08552758461088064,0.011868139186318665,0.1221717457512348,1.5852514003105365,0.19360679738533207,0.02420084967316651,0.031069585572904318,0.0,0.0,0.0,0.0,0.00019624137513213732,151.55296850204468,
921c7997-2ca0-4ebe-925e-4998693694df,1ce11a78c2c5-s1702,1ce11a78c2c5,1702,official-wikitext2-train-valid-test,wikitext2-causal-lm-fixed-splits-v1-factorial,small,96,2,4,0.0005,0.01,0.0,1702,6000,48,64,6.092992305755615,6.027218365669251,414.56026898960306,0.19013671875,5.956125724315643,386.1113210216205,0.19246826171875,6.122203687826793,0.18424479166666666,0.16947347422440848,6.155660311381022,0.09721879661083221,1.0742900768915813,9.582878748575846,7.574249903361003,0.9467812379201254,1.0528091589609783,1720.7327880859375,254.0814666748047,0.14203785359859467,0.14765886962413788,0.0028398633003234863,0.7146502683560053,0.15209957299915894,0.025490588477150904,0.008366703867355147,0.04885313580319775,0.008717683534842398,0.09631250148801009,1.005295499532437,0.20408035662786098,0.025510044578482622,0.017247816113064633,0.0,0.0,0.0,0.0,0.0021613776399360507,151.47098541259766,
d6abfe50-4fce-4f77-9dd1-771310d65f0a,1ce11a78c2c5-s1703,1ce11a78c2c5,1703,official-wikitext2-train-valid-test,wikitext2-causal-lm-fixed-splits-v1-factorial,small,96,2,4,0.0005,0.01,0.0,1703,6000,48,64,6.0623779296875,5.997608542442322,402.4651633550952,0.18890380859375,5.904224383831024,366.58278795682816,0.194677734375,6.0496833721796675,0.19661458333333334,0.18795091907183328,6.0373466809590655,0.11516976604859035,1.1665867964426677,10.373690605163574,7.655539512634277,0.9569424390792847,1.0455735524495442,1719.615234375,255.91653442382812,0.1431317776441574,0.14882197976112366,0.0038754542668660483,0.8303765257199606,0.12507232272244584,0.03613721116244249,0.005798407748607457,0.04526602342173526,0.004246577174087466,0.07997259546942391,0.4665045592066432,0.014590868127615461,0.0018238585159519327,0.00277080978526079,0.0,0.0,0.0,0.0,0.002968006069466196,151.3545446395874,
6231cefd-f200-44e3-95f1-1f2da700793b,1ce11a78c2c5-s1704,1ce11a78c2c5,1704,official-wikitext2-train-valid-test,wikitext2-causal-lm-fixed-splits-v1-factorial,small,96,2,4,0.0005,0.01,0.0,1704,6000,48,64,6.18098783493042,6.0002772331237795,403.54065282221694,0.19351806640625,5.922879242897034,373.48552279465673,0.19361572265625,5.88107047478358,0.21028645833333334,0.19087297221024832,6.050777435302734,0.1229637439052264,1.1170264879862468,9.561001141866049,7.693389892578125,0.9616737365722656,1.0591681003570557,1719.703857421875,263.40020751953125,0.14730200171470642,0.1531660258769989,0.004667262236277263,0.616546019911766,0.15951214828701576,0.039467303557884574,0.014644946379658115,0.0432180194876319,0.017811246022908914,0.062124591661157795,1.196065065445146,0.05299600712132456,0.00662450089016557,0.004598668531654351,0.0,0.0,0.0,0.0,0.0005624620667395685,151.35616445541382,
d1bc0a52-3bda-49bd-a416-34ae45ac9a6a,1ce11a78c2c5-s1705,1ce11a78c2c5,1705,official-wikitext2-train-valid-test,wikitext2-causal-lm-fixed-splits-v1-factorial,small,96,2,4,0.0005,0.01,0.0,1705,6000,48,64,6.099157810211182,5.989106035232544,399.0577068913663,0.19228515625,5.904561960697174,366.70655871546836,0.19215087890625,6.005836645762126,0.20963541666666666,0.18387046456336975,6.124684651692708,0.11302115519841512,1.1149805386861165,10.327837944030762,7.651126861572266,0.9563908576965332,1.0498006343841553,1720.12744140625,263.0035400390625,0.14700622856616974,0.1528977006673813,0.008334636688232422,0.35505398611227673,0.24281595328620126,0.024731015512008566,0.010087108083894594,0.04535713773467995,0.009936461832505442,0.03512325045446568,1.002689280911009,0.05631190178664475,0.007038987723330593,0.012774468453329111,0.0,0.0,0.0,0.0,0.004847087392109954,151.39267683029175,
d081c33c-8089-4cec-aede-d863949af2a5,d0a1575442c7-s1701,d0a1575442c7,1701,official-wikitext2-train-valid-test,wikitext2-causal-lm-fixed-splits-v1-factorial,small,96,2,4,0.0008,0.0,0.1,1701,6000,48,64,6.087304592132568,5.852709412574768,348.1764573367293,0.191748046875,5.770152842998504,320.5867283397769,0.1904052734375,6.001024683316548,0.197265625,0.18626474340756735,5.785572687784831,0.11075917879740398,0.7661570111910502,5.378743966420491,7.264270782470703,0.9080338478088379,1.2675782839457195,1767.1683349609375,389.7359619140625,0.21781770884990692,0.22054263949394226,0.0017091830571492512,-0.2663273861010869,0.06967520421162159,0.025390625,0.009620724852193372,0.06485433042257081,0.008279560744393698,0.09086281262112643,0.8070493487739493,0.0693144610119627,0.008664307626495338,0.09415648723680262,0.0,0.0,0.0,0.0,0.0016019155888953144,151.58497834205627,
83aecc78-bc55-470e-86ed-94d9033bfcfa,d0a1575442c7-s1702,d0a1575442c7,1702,official-wikitext2-train-valid-test,wikitext2-causal-lm-fixed-splits-v1-factorial,small,96,2,4,0.0008,0.0,0.1,1702,6000,48,64,5.952695369720459,5.837689363956452,342.98590874860446,0.1912841796875,5.773670589923858,321.716457202831,0.19207763671875,5.875359276930491,0.18294270833333334,0.18203172087669373,5.854242483774821,0.10827890038490295,0.749528149763743,4.717845439910889,7.189441521962483,0.8986801902453104,1.279593030611674,1766.5299072265625,393.30084228515625,0.21986494958400726,0.22264035046100616,0.0025034944216410318,0.7146502683560053,0.15944252040120777,0.024731015512008566,0.005921236078344021,0.015131529720375495,0.005091088630775356,0.06861749885107982,0.2820005820961517,0.1760545821654763,0.022006822770684536,0.08175103506303989,0.0,0.0,0.0,0.0,0.006207886800710615,151.6599371433258,
6a83d79f-b630-41ec-b636-4544669a3809,d0a1575442c7-s1703,d0a1575442c7,1703,official-wikitext2-train-valid-test,wikitext2-causal-lm-fixed-splits-v1-factorial,small,96,2,4,0.0008,0.0,0.1,1703,6000,48,64,5.950155258178711,5.853910946846009,348.59505471184434,0.18822021484375,5.754145038127899,315.495695393628,0.19349365234375,5.90078326066335,0.18424479166666666,0.18820182979106903,5.770586172739665,0.11381295571724574,0.8694439927736918,5.3594309488932295,7.326056162516276,0.9157570203145345,1.1977845033009846,1765.44970703125,390.0489807128906,0.21815082430839539,0.22093462944030762,0.00017130374908447266,0.8303765257199606,0.15507777729012595,0.03327962999773973,0.00953341186598516,0.03798587873435456,0.00981236384122182,0.11175748951755798,0.19510277826871833,0.15480893954813815,0.01935111744351727,0.049725344888143,0.0,0.0,0.0,0.0,0.0026913096875687678,151.669908285141,
86934872-8902-4b71-b717-cd6aee2af088,d0a1575442c7-s1704,d0a1575442c7,1704,official-wikitext2-train-valid-test,wikitext2-causal-lm-fixed-splits-v1-factorial,small,96,2,4,0.0008,0.0,0.1,1704,6000,48,64,6.065335750579834,5.852164900302887,347.9869225896101,0.19154052734375,5.775088083744049,322.1728116561662,0.192578125,5.712046007315318,0.212890625,0.1912234127521515,5.861241340637207,0.11932085454463959,0.7314867377281189,4.453356027603149,7.465033531188965,0.9331291913986206,1.2190800507863362,1763.744140625,390.9530029296875,0.21863369643688202,0.22166083753108978,0.0009182095527648926,0.616546019911766,0.1008154154391448,0.04092251335890032,0.015740769924850982,0.06304806801232762,0.016230260339413338,0.009689134618982175,0.40312975338974155,0.15992542139035776,0.01999067767379472,0.044225710713111765,0.0,0.0,0.0,0.0,0.0016624407670881559,151.77482414245605,
f84e0513-1203-4081-ba2c-abc6b390b7c4,d0a1575442c7-s1705,d0a1575442c7,1705,official-wikitext2-train-valid-test,wikitext2-causal-lm-fixed-splits-v1-factorial,small,96,2,4,0.0008,0.0,0.1,1705,6000,48,64,6.002185344696045,5.8366349816322325,342.62446105447935,0.19287109375,5.758348679542541,316.8247175742144,0.19168701171875,5.824190318584442,0.216796875,0.18763838211695352,5.933030764261882,0.11429799348115921,0.8127238353093466,5.12302811940511,7.3930253982543945,0.9241281747817993,1.2232150236765544,1766.1962483723958,395.43682861328125,0.22103001177310944,0.22389178474744162,0.002880553404490153,0.35505398611227673,0.22476628450830965,0.02734375,0.012412543148705237,0.080051515984448,0.010468376604147166,0.07246821061138577,0.3352172886466403,0.12509731711431368,0.01563716463928921,0.0667963409824127,7.047732778193675e-05,0.0,0.0,8.60318942650595e-09,0.0018173746973298968,151.3780963420868,
e18e1f74-b59a-459f-a05a-1b76e07980e6,e96ae1d7c5db-s1701,e96ae1d7c5db,1701,official-wikitext2-train-valid-test,wikitext2-causal-lm-fixed-splits-v1-factorial,small,96,2,4,0.0008,0.001,0.2,1701,6000,48,64,6.1281657218933105,5.872670996189117,355.19644271506854,0.1877685546875,5.789182949066162,326.7459472017125,0.187158203125,6.029951632022858,0.18229166666666666,0.18926792840162912,5.7168402671813965,0.11126373459895451,0.7407163182894388,4.811641852060954,7.051226298014323,0.8814032872517904,1.2449609438578289,1756.620361328125,399.5733337402344,0.22331567108631134,0.22746708989143372,0.0019904176394144693,-0.2663273861010869,0.06222173188826207,0.019269073680922844,0.010907073230591388,0.06872241535614126,0.009196508692274402,0.08592741496460832,0.9267983838336329,0.3607760377956705,0.045097004724458815,0.08141481261371117,0.0,0.0,0.0,0.0,0.0012009406901825482,151.5703363418579,
26eedf1d-9cee-4e20-804d-136a48cb2ad8,e96ae1d7c5db-s1702,e96ae1d7c5db,1702,official-wikitext2-train-valid-test,wikitext2-causal-lm-fixed-splits-v1-factorial,small,96,2,4,0.0008,0.001,0.2,1702,6000,48,64,6.010374546051025,5.865281367301941,352.5813470148399,0.18790283203125,5.804609990119934,331.8257527815932,0.1884765625,5.928177734216054,0.17838541666666666,0.18375290433565775,5.773465633392334,0.10702035576105118,0.7063186367352804,4.082420587539673,7.067978223164876,0.8834972778956095,1.2602296670277913,1755.998291015625,406.3719177246094,0.22717200219631195,0.23141930997371674,0.002145548661549886,0.7146502683560053,0.1584575529087121,0.021602421904996172,0.007043711763685261,0.02903077169736959,0.0061883963903238744,0.049693083693337164,0.43343525463835614,0.2610642267962139,0.032633028349526735,0.07242448881410421,0.0,0.0,0.0,0.0,0.005030325706226576,151.48028802871704,
d4adffea-6242-4fd3-bcf8-4f1849ad88a3,e96ae1d7c5db-s1703,e96ae1d7c5db,1703,official-wikitext2-train-valid-test,wikitext2-causal-lm-fixed-splits-v1-factorial,small,96,2,4,0.0008,0.001,0.2,1703,6000,48,64,6.02129602432251,5.878078091144562,357.1222253615268,0.1851318359375,5.784834671020508,325.32824947869284,0.189404296875,5.922356128692627,0.18880208333333334,0.18940505385398865,5.700372695922852,0.11075834433237712,0.7960939606030782,4.586696783701579,7.077561219533284,0.8846951524416605,1.1918586492538452,1754.4010009765625,399.9419860839844,0.2236838936805725,0.22796498239040375,1.7484029134114583e-06,0.8303765257199606,0.17345505893803792,0.03629520798116238,0.011429010889282809,0.0443109708467612,0.011348212661893793,0.11230016007826771,0.3421321422878236,0.3962099291439125,0.049526241142989064,0.04436112464086657,0.0,0.0,0.0,0.0,0.0016127340593871334,151.42756414413452,
9052274c-bcf8-410c-86fa-ae2e5ea5f84a,e96ae1d7c5db-s1704,e96ae1d7c5db,1704,official-wikitext2-train-valid-test,wikitext2-causal-lm-fixed-splits-v1-factorial,small,96,2,4,0.0008,0.001,0.2,1704,6000,48,64,6.120553493499756,5.873416364192963,355.461293471926,0.1891845703125,5.800169050693512,330.3554019992571,0.1885986328125,5.749215483665466,0.20247395833333334,0.1893794039885203,5.842610836029053,0.11643017331759135,0.666284998257955,3.725989580154419,7.381892999013265,0.9227366248766581,1.2172235250473022,1753.777587890625,404.3305358886719,0.22611485421657562,0.23054835200309753,0.0005624691645304362,0.616546019911766,0.11949641784453423,0.041447380318742205,0.013747807627018261,0.04694216646492519,0.014671485008404634,0.020447639099247863,0.2798792630242962,0.14413927087387787,0.018017408859234734,0.04429882238932544,0.0,0.0,0.0,0.0,0.0013210174588759922,151.32921028137207,
7a9f19a1-2ff3-45c3-8ec1-f78aa8401f1a,e96ae1d7c5db-s1705,e96ae1d7c5db,1705,official-wikitext2-train-valid-test,wikitext2-causal-lm-fixed-splits-v1-factorial,small,96,2,4,0.0008,0.001,0.2,1705,6000,48,64,6.061299800872803,5.868502962589264,353.71905305099284,0.18857421875,5.790606081485748,327.2112809894064,0.1864501953125,5.8533731897672014,0.20768229166666666,0.1882893443107605,5.90445343653361,0.11500484744707744,0.7274284362792969,4.152868270874023,7.295140743255615,0.9118925929069519,1.2129475275675456,1755.2205810546875,404.3266296386719,0.22599898278713226,0.2303565889596939,0.0018159747123718262,0.35505398611227673,0.22813652956244354,0.0312703384336532,0.013412161408527083,0.10348695353265033,0.011698135102732325,0.05019658768024538,0.3245094863441169,0.17261594924113607,0.02157699365514201,0.06597794370989357,0.0,0.0,0.0,0.0,0.0007749793529876873,151.52277946472168,
545a836c-9be0-44ef-8ffc-aa5ac36f334b,d4736ee9cfbd-s1701,d4736ee9cfbd,1701,official-wikitext2-train-valid-test,wikitext2-causal-lm-fixed-splits-v1-factorial,small,96,2,4,0.0008,0.01,0.0,1701,6000,48,64,5.881666660308838,5.7685637950897215,320.0777052077069,0.205712890625,5.675759398937226,291.7097785498352,0.20506591796875,5.862711826960246,0.20377604166666666,0.1970838358004888,5.787243843078613,0.12376926342646281,1.0965319275856018,9.725339571634928,7.6589274406433105,0.9573659300804138,1.169974406560262,1688.118408203125,357.7489013671875,0.19994060695171356,0.21192169189453125,0.002820253372192383,-0.2663273861010869,0.07819539879378945,0.026945575633561036,0.008650636967911522,0.06174005585989392,0.008045922480822995,0.08477483619413556,0.9072393109003604,0.05559446951753269,0.006949308689691586,0.05918108822716529,0.0,0.0,0.0,0.0,0.00032383503557911335,151.45277380943298,
3cf61a36-100d-4d47-b026-abf38f8019e5,d4736ee9cfbd-s1702,d4736ee9cfbd,1702,official-wikitext2-train-valid-test,wikitext2-causal-lm-fixed-splits-v1-factorial,small,96,2,4,0.0008,0.01,0.0,1702,6000,48,64,5.809131622314453,5.795535063743591,328.8280809036883,0.2023193359375,5.729946625232697,307.9528310280484,0.20472412109375,5.8397677938143415,0.19466145833333334,0.1854869375626246,5.896635055541992,0.11048864324887593,1.0238271355628967,8.552388509114584,7.508559068044026,0.9385698835055033,1.1467159986495972,1687.20068359375,349.9541015625,0.19563303887844086,0.20741699635982513,0.0018364389737447102,0.7146502683560053,0.18786703053604115,0.026228173279275634,0.00788797602558046,0.02239730311779394,0.007939840374111856,0.06156813439187789,0.8651761801451303,0.33289481668121057,0.04161185208515132,0.041785871597750095,0.0,0.0,0.0,0.0,0.0026696922925555215,150.842120885849,
33242e34-aef3-48ca-b3bd-679b5a88d121,d4736ee9cfbd-s1703,d4736ee9cfbd,1703,official-wikitext2-train-valid-test,wikitext2-causal-lm-fixed-splits-v1-factorial,small,96,2,4,0.0008,0.01,0.0,1703,6000,48,64,5.809061050415039,5.7789578318595884,323.4219546625272,0.2007568359375,5.671716749668121,290.5328787262363,0.20693359375,5.755408863226573,0.20638020833333334,0.2043084353208542,5.738619486490886,0.12677042682965597,1.0950220823287964,9.297319094340006,7.758212725321452,0.9697765906651815,1.1107709010442097,1686.747314453125,348.9224853515625,0.19514915347099304,0.20686115324497223,0.002772390842437744,0.8303765257199606,0.17780514125919228,0.03809011061539082,0.010294053997784689,0.03577974047732346,0.010562917057709075,0.035346442595999845,0.38446794679575674,0.02928392803729463,0.0036604910046618287,0.01750771281953132,0.0,0.0,0.0,0.0,0.0033390279109638964,150.21205282211304,
a3b6f95d-07b6-4ef1-a624-0567bf40bb99,d4736ee9cfbd-s1704,d4736ee9cfbd,1704,official-wikitext2-train-valid-test,wikitext2-causal-lm-fixed-splits-v1-factorial,small,96,2,4,0.0008,0.01,0.0,1704,6000,48,64,5.8941330909729,5.788805902004242,326.622771825242,0.20189208984375,5.7073320031166075,301.0667506490037,0.20269775390625,5.614926238854726,0.22395833333333334,0.20314287642637888,5.764830589294434,0.13139758259058,1.0284502108891804,8.342614809672037,7.692797501881917,0.9615996877352396,1.142883022626241,1685.583740234375,355.0107727050781,0.19853362441062927,0.21061591804027557,0.003858029842376709,0.616546019911766,0.05165717574350003,0.034956754579840627,0.012032124120791222,0.020597797175171424,0.013702521912800157,0.01920552830598261,0.621754351114655,0.03512446209217405,0.004390557761521756,0.025756921875128815,0.0,0.0,0.0,0.0,0.0013321799132208114,150.14716958999634,
f0077d69-3b01-47db-aee5-04240d420b0a,d4736ee9cfbd-s1705,d4736ee9cfbd,1705,official-wikitext2-train-valid-test,wikitext2-causal-lm-fixed-splits-v1-factorial,small,96,2,4,0.0008,0.01,0.0,1705,6000,48,64,5.825493335723877,5.772284233570099,321.27075257238863,0.204296875,5.69127789735794,296.27198401982355,0.20338134765625,5.73980991045634,0.23046875,0.19627442955970764,5.898774147033691,0.1228834018111229,1.0895011027654011,9.229296366373697,7.6793843905131025,0.9599230488141378,1.1193686723709106,1687.340576171875,353.0553283691406,0.19734080135822296,0.209237739443779,0.007911761601765951,0.35505398611227673,0.19793392563891854,0.025540423497308635,0.007161193230366404,0.010525341302912586,0.006986463106334743,0.02839528273842951,0.5203982519983078,0.052591167010643654,0.006573895876330457,0.040977892560202206,0.0,0.0,0.0,0.0,0.005465688961354297,151.30978202819824,
77eb5fa0-4dbc-4bd4-96a0-58da33ccc547,a23123aa54da-s1701,a23123aa54da,1701,official-wikitext2-train-valid-test,wikitext2-causal-lm-fixed-splits-v1-factorial,medium,160,4,8,0.0001,0.0,0.0,1701,6000,48,64,6.6784281730651855,6.408242630958557,606.8263256692458,0.17606201171875,6.323060202598572,557.2757624483363,0.1756591796875,6.631938139597575,0.17578125,0.1495938003063202,6.476302941640218,0.08864570409059525,1.686244527498881,22.39165751139323,7.56017271677653,0.9450215895970663,1.006968379020691,2302.922607421875,156.5369110107422,0.06777704507112503,0.06797315180301666,0.004991372426350911,-0.2663273861010869,0.06309090009021674,0.01790068630842125,0.006997910996338261,0.04652617896773895,0.005101085583396387,0.13210484000694106,2.926887904336614,0.31696050560425043,0.039620063200531304,0.00245354626692631,0.0,0.0,0.0,0.0,0.0029139042568121468,227.89067435264587,
6099e9f9-4b26-4550-9609-2ccf7432394f,a23123aa54da-s1702,a23123aa54da,1702,official-wikitext2-train-valid-test,wikitext2-causal-lm-fixed-splits-v1-factorial,medium,160,4,8,0.0001,0.0,0.0,1702,6000,48,64,6.511430263519287,6.387748956680298,594.5167892437224,0.17850341796875,6.335654938220978,564.3388890846234,0.178857421875,6.566697378953298,0.171875,0.15328396360079447,6.421868324279785,0.08880499005317688,1.5730847517649333,22.06711196899414,7.555324713389079,0.9444155891736349,1.0079060792922974,2302.339111328125,157.51055908203125,0.06820790469646454,0.06841327250003815,0.009026428063710531,0.7146502683560053,0.13107837632933822,0.0225245363177164,0.010078541380808438,0.09394109789640044,0.007931238989187545,0.12451177682190559,2.386495352429904,0.2331791217194765,0.029147390214934562,0.0020698931483421144,0.0,0.0,0.0,0.0,0.009776494694959049,227.94654250144958,
bae98e49-1e2d-4fc6-9d83-9fef5367d517,a23123aa54da-s1703,a23123aa54da,1703,official-wikitext2-train-valid-test,wikitext2-causal-lm-fixed-splits-v1-factorial,medium,160,4,8,0.0001,0.0,0.0,1703,6000,48,64,6.520915508270264,6.386753630638123,593.925345589341,0.174072265625,6.302935874462127,546.1730541184692,0.17674560546875,6.607070803642273,0.16796875,0.16230409840742746,6.347166379292806,0.09799729287624359,1.7146272261937459,23.505211512247723,7.690276940663655,0.9612846175829569,1.0061493317286174,2302.94580078125,156.6820831298828,0.06783932447433472,0.06803550571203232,0.00446474552154541,0.8303765257199606,0.13223943989827605,0.02376079113397742,0.005996298727420806,0.03216591796787292,0.006472985057859744,0.005697810208970668,0.38560968147080954,0.060576102614280695,0.007572012826785087,0.0010457291192714285,0.0,0.0,0.0,0.0,0.0009838709546487712,228.044269323349,
12e68c77-9dee-48f5-8e36-77034e14a6e8,a23123aa54da-s1704,a23123aa54da,1704,official-wikitext2-train-valid-test,wikitext2-causal-lm-fixed-splits-v1-factorial,medium,160,4,8,0.0001,0.0,0.0,1704,6000,48,64,6.648878574371338,6.407181131839752,606.1825218183426,0.17613525390625,6.3244587779045105,558.0556998417535,0.177197265625,6.34358270963033,0.197265625,0.1634062776962916,6.363283793131511,0.09886154780785243,1.7426602443059285,22.409327189127605,7.722024758656819,0.9652530948321024,1.005921204884847,2301.518798828125,157.8386993408203,0.06838412582874298,0.06858023256063461,0.007779677708943685,0.616546019911766,0.23152885913172666,0.03032065370363286,0.012444774987619816,0.08633284848184353,0.01190424409608976,0.04447855088800791,0.4010939444243507,0.07649536936481989,0.009561921170602486,0.0006058873133501699,0.0,0.0,0.0,0.0,0.008722917893187318,229.33414030075073,
d290f0ba-201c-4600-b4ae-3dc59ef9226b,a23123aa54da-s1705,a23123aa54da,1705,official-wikitext2-train-valid-test,wikitext2-causal-lm-fixed-splits-v1-factorial,medium,160,4,8,0.0001,0.0,0.0,1705,6000,48,64,6.583414554595947,6.3726236581802365,585.5922089560316,0.17843017578125,6.305697393417359,547.6834058328714,0.1771484375,6.385879397392273,0.19856770833333334,0.16021657983462015,6.3956230481465655,0.0954762448867162,1.7550267775853474,22.62788263956706,7.636664867401123,0.9545831084251404,1.0065439144770305,2302.81005859375,156.99252319335938,0.06797698885202408,0.0681743249297142,0.006705562273661296,0.35505398611227673,0.31279579358904563,0.03544442080420886,0.011979714711000393,0.10085548434043552,0.009059282150359137,0.18114727059613386,1.1557944703809087,0.08187330996274841,0.010234163745343552,0.001322121829536505,0.0,0.0,0.0,0.0,0.010152097295351159,228.80529284477234,
43f8e980-a18a-415b-8cf0-2ff5526d65a8,8eef9619970b-s1701,8eef9619970b,1701,official-wikitext2-train-valid-test,wikitext2-causal-lm-fixed-splits-v1-factorial,medium,160,4,8,0.0001,0.001,0.1,1701,6000,48,64,7.042822360992432,6.5190964341163635,677.9655219839832,0.150439453125,6.448977589607239,632.05574198902,0.14771728515625,6.783163448174794,0.14518229166666666,0.14109301567077637,6.360712051391602,0.07630294809738795,1.5885934034983318,18.64528973897298,7.250030517578125,0.9062538146972656,1.0079595645268757,2299.111572265625,159.8831024169922,0.06922587007284164,0.06954125314950943,0.007234513759613037,-0.2663273861010869,0.01859987325684336,0.010756973725168168,0.007682615106748634,0.07223021660800931,0.006466557708577638,0.13653523689364058,3.3829616907421216,0.6930062201854627,0.08662577752318283,0.0015687413134841985,0.0,0.0,0.0,0.0,0.003944421503562542,233.43287467956543,
6dbc1d81-f7ee-4707-b653-0003358969d2,8eef9619970b-s1702,8eef9619970b,1702,official-wikitext2-train-valid-test,wikitext2-causal-lm-fixed-splits-v1-factorial,medium,160,4,8,0.0001,0.001,0.1,1702,6000,48,64,6.912111759185791,6.53536411523819,689.0846448696624,0.1447998046875,6.476028394699097,649.3867101846985,0.14716796875,6.734482367833455,0.14127604166666666,0.1423602302869161,6.285638650258382,0.07167905569076538,1.4555061260859172,18.047484397888184,7.084184487660726,0.8855230609575907,1.0097588698069255,2298.631591796875,161.80152893066406,0.07006605714559555,0.07039037346839905,0.005141496658325195,0.7146502683560053,0.13546235766083553,0.023301471573142295,0.0161303002457753,0.1339802669415125,0.013811803745301783,0.23250417995369835,4.914375819062553,0.9367342592448162,0.11709178240560203,0.004203246565073538,0.0,0.0,0.0,0.0,0.00969780078433163,233.99126768112183,
5c5b17c3-2433-414b-b648-f4d65f9cb4bf,8eef9619970b-s1703,8eef9619970b,1703,official-wikitext2-train-valid-test,wikitext2-causal-lm-fixed-splits-v1-factorial,medium,160,4,8,0.0001,0.001,0.1,1703,6000,48,64,6.902087688446045,6.524397468566894,681.5689831698448,0.1449462890625,6.439500832557679,626.094195958698,0.14580078125,6.753283639748891,0.13932291666666666,0.15447799364725748,6.1920844713846845,0.0815991461277008,1.6819661060969036,18.136536916097004,7.516527493794759,0.9395659367243449,1.0062907536824544,2299.0283203125,161.03463745117188,0.06972386687994003,0.07004465162754059,0.002871692180633545,0.8303765257199606,0.11279213127097723,0.019757800658194685,0.005032806165754847,0.035386548022996775,0.005741810180268669,0.04957052674273023,0.4729576328574052,0.08146121827993644,0.010182652284992055,0.0003237405270493931,0.0,0.0,0.0,0.0,0.0083437370816033,233.799058675766,
97da80f4-695f-4bc2-ba1a-05bd7ca218ad,8eef9619970b-s1704,8eef9619970b,1704,official-wikitext2-train-valid-test,wikitext2-causal-lm-fixed-splits-v1-factorial,medium,160,4,8,0.0001,0.001,0.1,1704,6000,48,64,7.045578479766846,6.537206149101257,690.3551319008592,0.14781494140625,6.46650710105896,643.2330505196252,0.14637451171875,6.523559927940369,0.162109375,0.15296781559785208,6.280837853749593,0.08372699717680614,1.5341123739878337,16.959295908610027,7.581693172454834,0.9477116465568542,1.0073766708374023,2297.71826171875,161.76988220214844,0.07008732855319977,0.07040457427501678,0.00532988707224528,0.616546019911766,0.23502564588970615,0.017578125,0.012964598038538267,0.07328325536834832,0.012384773967370158,0.019769681817026125,0.6357424652467495,0.07118168430055531,0.008897710537569414,0.0015212070715100797,0.0,0.0,0.0,0.0,0.004691999049976506,233.57575058937073,
f3b8b6cd-9c92-4d50-bae8-3ac0149e0fa2,8eef9619970b-s1705,8eef9619970b,1705,official-wikitext2-train-valid-test,wikitext2-causal-lm-fixed-splits-v1-factorial,medium,160,4,8,0.0001,0.001,0.1,1705,6000,48,64,6.9803009033203125,6.5149570345878605,675.1649521595392,0.15177001953125,6.451433086395264,633.6096598727389,0.14896240234375,6.5907310247421265,0.15494791666666666,0.14821673929691315,6.265029589335124,0.0769626647233963,1.5520871082941692,17.388863881429035,7.576333681742351,0.9470417102177938,1.0070867538452148,2298.94580078125,161.82032775878906,0.0700674057006836,0.07038892805576324,0.007960279782613119,0.35505398611227673,0.29561958385486026,0.02246801292543932,0.012339900400585253,0.09663547381661441,0.009921627182403666,0.06756202144223242,0.6832814488372015,0.07555888662971555,0.009444860828714444,0.0004901419215670269,0.0,0.0,0.0,0.0,0.0007488487902635048,233.23516726493835,
dded2e13-ab7d-4385-afe3-a75a315e6c7c,57ee0e9fb830-s1701,57ee0e9fb830,1701,official-wikitext2-train-valid-test,wikitext2-causal-lm-fixed-splits-v1-factorial,medium,160,4,8,0.0003,0.0,0.0,1701,6000,48,64,6.160667419433594,5.981371641159058,395.98314260102563,0.20550537109375,5.881514477729797,358.3515463874611,0.20458984375,6.1425409118334455,0.20572916666666666,0.19300762315591177,5.990233103434245,0.12219880024592082,1.6338685750961304,20.923952102661133,7.673124631245931,0.9591405789057413,1.0204294125239055,2299.101806640625,213.74757385253906,0.09254800528287888,0.09297003597021103,0.006632665793100993,-0.2663273861010869,0.06894492383724664,0.02651746335210456,0.007611759066618939,0.0499862815909275,0.00782035273079127,0.0491857446342252,2.7018518231906268,0.30952709549357094,0.03869088693669637,0.00646743239866691,0.0,0.0,0.0,0.0,0.004430080050771391,225.5677616596222,
759b873c-4133-4ebb-bbef-fa374bc21f32,57ee0e9fb830-s1702,57ee0e9fb830,1702,official-wikitext2-train-valid-test,wikitext2-causal-lm-fixed-splits-v1-factorial,medium,160,4,8,0.0003,0.0,0.0,1702,6000,48,64,6.006561279296875,5.953763234615326,385.2002136671693,0.20567626953125,5.888004648685455,360.68487283910235,0.2067626953125,6.031176388263702,0.20052083333333334,0.1981665293375651,5.976474285125732,0.12493223448594411,1.6037102540334065,20.540011723836262,7.772304534912109,0.9715380668640137,1.0235095421473186,2298.663330078125,215.36378479003906,0.0932604968547821,0.09369087964296341,0.01257087786992391,0.7146502683560053,0.13432458094872818,0.028055288315644848,0.011858397800966277,0.08092510043735231,0.011148173827099775,0.06765977304136496,1.6512296152323258,0.11430325394663829,0.014287906743329786,0.007675498024846625,0.0,0.0,0.0,0.0,0.005402244320833836,225.80609560012817,
6f68e24e-23ea-4112-a408-6086b7646158,57ee0e9fb830-s1703,57ee0e9fb830,1703,official-wikitext2-train-valid-test,wikitext2-causal-lm-fixed-splits-v1-factorial,medium,160,4,8,0.0003,0.0,0.0,1703,6000,48,64,6.058544158935547,6.010239148139954,407.5807808052951,0.1994873046875,5.901347541809082,365.5297026941786,0.20775146484375,6.080731987953186,0.20377604166666666,0.19443269073963165,6.084994633992513,0.12634147703647614,1.6450281143188477,20.69773801167806,7.706624348958333,0.9633280436197916,1.0164107481638591,2299.35791015625,207.4593963623047,0.08982459455728531,0.09022492915391922,0.0008200407028198242,0.8303765257199606,0.1549236984522441,0.03560549196321697,0.009389317128354552,0.028963526638828865,0.011301250305166682,0.06342860242629712,0.8061467396491402,0.09983939554112509,0.012479924442640636,0.0035745889572651244,0.0,0.0,0.0,0.0,0.0023459688689338337,225.60946941375732,
b1aee943-0560-458a-b6f0-e6c203376953,57ee0e9fb830-s1704,57ee0e9fb830,1704,official-wikitext2-train-valid-test,wikitext2-causal-lm-fixed-splits-v1-factorial,medium,160,4,8,0.0003,0.0,0.0,1704,6000,48,64,6.154123306274414,6.010915946960449,407.85672436560566,0.2019775390625,5.92261108160019,373.385381860073,0.2031005859375,5.866623342037201,0.22916666666666666,0.19876337051391602,5.994626681009929,0.12709664553403854,1.657195806503296,19.859026590983074,7.738860448201497,0.9673575560251871,1.017711877822876,2297.8095703125,209.50579833984375,0.09076906740665436,0.09117630869150162,0.007562220096588135,0.616546019911766,0.11143198112897269,0.04126289551429902,0.006968679748274607,0.021351356560507784,0.009164048478954252,0.05251783562640633,1.9657948059920511,0.07102975877394908,0.008878719846743635,0.0029998539642838813,0.0,0.0,0.0,0.0,0.007687387339302516,226.29118824005127,
156701bc-f320-4079-bbd2-8211940997ad,57ee0e9fb830-s1705,57ee0e9fb830,1705,official-wikitext2-train-valid-test,wikitext2-causal-lm-fixed-splits-v1-factorial,medium,160,4,8,0.0003,0.0,0.0,1705,6000,48,64,6.084110736846924,5.985316157341003,397.5481891612945,0.20360107421875,5.900463449954986,365.2066836718795,0.20416259765625,5.95502769947052,0.22981770833333334,0.19046793381373087,6.117332458496094,0.1217730442682902,1.7357553641001384,20.36805470784505,7.7594374020894366,0.9699296752611796,1.0180473725001018,2299.240478515625,209.1670684814453,0.09056831151247025,0.09097224473953247,0.0032461881637573242,0.35505398611227673,0.22589254171092138,0.024808019379241732,0.009652618472474568,0.05405899630427246,0.009904904482929524,0.17303297213936403,1.9083550299065952,0.05704572925541855,0.007130716156927319,0.0053422761269158806,0.0,0.0,0.0,0.0,0.010361536137915099,225.45065188407898,
79fb580a-7fcd-4d62-8846-f6b1761a218e,b1d21a088dfc-s1701,b1d21a088dfc,1701,official-wikitext2-train-valid-test,wikitext2-causal-lm-fixed-splits-v1-factorial,medium,160,4,8,0.0003,0.001,0.1,1701,6000,48,64,6.356730937957764,6.079929637908935,436.99844551219667,0.1848876953125,5.9927755236625675,400.5247345039969,0.1852294921875,6.245416820049286,0.18359375,0.1762612909078598,6.0511399904886884,0.10645343114932378,1.300475041071574,13.02385425567627,7.102127234141032,0.887765904267629,1.0717300573984783,2289.46630859375,240.58677673339844,0.10416879504919052,0.10508421808481216,0.00417103370030721,-0.2663273861010869,0.033141592435133926,0.01863162502767472,0.01320765755895518,0.09382016449005647,0.01158151023828551,0.1584253789582881,1.9638252621538237,0.6105303101993153,0.0763162887749144,0.02556539758786088,0.0,0.0,0.0,0.0,0.0057766775818707365,233.30062699317932,
6e4dda7a-2f23-46b0-9f72-a4e4b2963456,b1d21a088dfc-s1702,b1d21a088dfc,1702,official-wikitext2-train-valid-test,wikitext2-causal-lm-fixed-splits-v1-factorial,medium,160,4,8,0.0003,0.001,0.1,1702,6000,48,64,6.241501331329346,6.049523556232453,423.91101216376546,0.18623046875,5.986665964126587,398.085164729724,0.18680419921875,6.149850765864055,0.17513020833333334,0.16717296838760376,6.161159992218018,0.09595608214537303,1.1672968864440918,11.110578219095865,7.322538534800212,0.9153173168500265,1.0805222590764363,2289.202392578125,244.9147186279297,0.10605714470148087,0.10698692500591278,0.0026444594065348306,0.7146502683560053,0.1417104629878701,0.024263860877062792,0.013480384379383422,0.08722354190076473,0.01312730381717852,0.0832048607788728,0.7565572817457316,0.07644804612644787,0.009556005765805984,0.031480437061150036,0.0,0.0,0.0,0.0,0.00810402814859976,233.31961369514465,
43104d1f-111c-4eb2-b6f7-99e5f73d7be2,b1d21a088dfc-s1703,b1d21a088dfc,1703,official-wikitext2-train-valid-test,wikitext2-causal-lm-fixed-splits-v1-factorial,medium,160,4,8,0.0003,0.001,0.1,1703,6000,48,64,6.269102573394775,6.0960184812545775,444.0861083058654,0.1822021484375,5.991847813129425,400.1533357908995,0.18734130859375,6.214423179626465,0.17838541666666666,0.1869404266277949,5.995654741923015,0.11481062819560368,1.2059014638264973,12.310502688090006,7.223279635111491,0.9029099543889364,1.054802139600118,2290.193359375,235.1954345703125,0.10183358937501907,0.10269676148891449,0.002412001291910807,0.8303765257199606,0.17523513513648192,0.035174329841771095,0.008487330908009348,0.04302243477464143,0.008041316031598099,0.0640429921372272,0.7830172855695434,0.451495631483725,0.05643695393546563,0.013501280756189515,0.0,0.0,0.0,0.0,0.0047776673725233275,233.5463511943817,
a7d663e6-ec6f-4a63-a6d1-47253a91b550,b1d21a088dfc-s1704,b1d21a088dfc,1704,official-wikitext2-train-valid-test,wikitext2-causal-lm-fixed-splits-v1-factorial,medium,160,4,8,0.0003,0.001,0.1,1704,6000,48,64,6.361878871917725,6.08843891620636,440.7328529232398,0.18455810546875,6.004487299919129,405.2431672602824,0.1861083984375,5.9927670160929365,0.20703125,0.18320859471956888,6.078051567077637,0.11238297820091248,1.2449116309483845,11.6035369237264,7.210097312927246,0.9012621641159058,1.0609550476074219,2288.0166015625,239.7308349609375,0.1038641631603241,0.10477670282125473,0.0003871917724609375,0.616546019911766,0.1311551805235665,0.03901364131921519,0.014530241345651769,0.0681516933936741,0.014283073463855028,0.10108660703184104,0.7766455523824748,0.3626979320826433,0.04533724151033041,0.010069838032024964,0.0,0.0,0.0,0.0,0.005721871781618215,233.61574339866638,
554e9d18-ad0c-4a8e-9fc7-725735527339,b1d21a088dfc-s1705,b1d21a088dfc,1705,official-wikitext2-train-valid-test,wikitext2-causal-lm-fixed-splits-v1-factorial,medium,160,4,8,0.0003,0.001,0.1,1705,6000,48,64,6.2865681648254395,6.0712246775627134,433.21090050436334,0.1884033203125,5.992680156230927,400.48653931007647,0.1862548828125,6.078571438789368,0.21354166666666666,0.1763764570156733,6.197958151499431,0.10562109698851903,1.2362912495930989,11.306266784667969,7.639113108317058,0.9548891385396322,1.0628974437713623,2289.584716796875,238.5684814453125,0.10329897701740265,0.10419727116823196,0.0025687615076700845,0.35505398611227673,0.2767038795226363,0.023301471573142295,0.016936330274149022,0.13861262929395765,0.014285551485945201,0.10040963793322273,1.1744825792236269,0.09350369650325775,0.011687962062907219,0.007612058121334683,0.0,0.0,0.0,0.0,0.002865328400493185,233.3427758216858,
dc224b43-0bdd-4cdd-9ef9-9388cc381350,968118adce31-s1701,968118adce31,1701,official-wikitext2-train-valid-test,wikitext2-causal-lm-fixed-splits-v1-factorial,medium,160,4,8,0.0003,0.01,0.2,1701,6000,48,64,6.390557765960693,6.075751399993896,435.1763712190561,0.18192138671875,5.987975656986237,398.60687559342546,0.1813720703125,6.249195575714111,0.18489583333333334,0.1729106456041336,6.055470943450928,0.10061650474866231,1.223387360572815,11.575596809387207,7.334946314493815,0.9168682893117269,1.0836314757664998,2250.025390625,256.8991394042969,0.11123168468475342,0.11417610943317413,0.0048338572184244795,-0.2663273861010869,0.039619281481771775,0.00963453684046142,0.0122713110454358,0.12296999277174467,0.008874032057316222,0.10544995486679884,1.2469140007668342,0.17707797709607706,0.022134747137009633,0.028547876962537307,0.0,0.0,0.0,0.0,0.006662608829036837,233.251713514328,
eafc2ebc-916c-4298-9bf9-5a7b969a06c7,968118adce31-s1702,968118adce31,1702,official-wikitext2-train-valid-test,wikitext2-causal-lm-fixed-splits-v1-factorial,medium,160,4,8,0.0003,0.01,0.2,1702,6000,48,64,6.275312900543213,6.057986259460449,427.5136678567406,0.18211669921875,5.998643052577973,402.88173308148305,0.1822998046875,6.173854907353719,0.17057291666666666,0.15822271505991617,6.204118569691976,0.08848613500595093,1.1390387217203777,10.045553843180338,7.2207770347595215,0.9025971293449402,1.0819851954778035,2250.0244140625,258.6401672363281,0.11200077086687088,0.11494994163513184,0.001154184341430664,0.7146502683560053,0.13396738967799487,0.016379877116418133,0.010419862480743338,0.07319437956462926,0.008947831433749392,0.10163861702220563,0.9040079309812228,0.06422283720871438,0.008027854651089298,0.03292321355200269,0.0,0.0,0.0,0.0,0.00558389784759984,233.4350438117981,
2f76dcf1-c894-4f07-b89a-2c5d3ee19614,968118adce31-s1703,968118adce31,1703,official-wikitext2-train-valid-test,wikitext2-causal-lm-fixed-splits-v1-factorial,medium,160,4,8,0.0003,0.01,0.2,1703,6000,48,64,6.2736992835998535,6.082938766479492,438.3154104845949,0.180078125,5.986907482147217,398.18132108203014,0.18299560546875,6.2038038571675616,0.17838541666666666,0.1777783731619517,6.0047831535339355,0.10456854104995728,1.1516595681508381,10.949318250020346,7.1331892013549805,0.8916486501693726,1.0701446533203125,2250.816650390625,254.7429962158203,0.11029718071222305,0.11317802965641022,0.0012399355570475261,0.8303765257199606,0.17615815050462713,0.02989833985209644,0.0103122469895746,0.06212491712414754,0.009758566160399098,0.06253916380711497,0.8508323473188677,0.435893574785042,0.05448669684813025,0.016810801489743392,0.0,0.0,0.0,0.0,0.0025431612247106983,233.53961849212646,
5b1ee668-8418-477a-bf25-7d8d0a70353a,968118adce31-s1704,968118adce31,1704,official-wikitext2-train-valid-test,wikitext2-causal-lm-fixed-splits-v1-factorial,medium,160,4,8,0.0003,0.01,0.2,1704,6000,48,64,6.396770477294922,6.089380967617035,441.1482415570711,0.18309326171875,6.011436223983765,408.06897805866964,0.1833740234375,5.994094610214233,0.205078125,0.17577609916528067,6.130686442057292,0.10608796526988347,1.2361924648284912,10.681259791056315,7.370165983835856,0.921270747979482,1.06856636206309,2248.596435546875,256.15667724609375,0.11098071187734604,0.1139184758067131,0.0013568401336669922,0.616546019911766,0.12944848354499386,0.03285664812746235,0.01716240382207458,0.09178540833732687,0.016953704456018234,0.0980364635671509,0.3248138342911554,0.26837726162157394,0.03354715770269674,0.009149749206752785,0.0,0.0,0.0,0.0,0.006065020045650179,234.22666788101196,
d60baa4a-bd83-4a12-a00d-41185a2b78da,968118adce31-s1705,968118adce31,1705,official-wikitext2-train-valid-test,wikitext2-causal-lm-fixed-splits-v1-factorial,medium,160,4,8,0.0003,0.01,0.2,1705,6000,48,64,6.333507537841797,6.078139543533325,436.2168768023181,0.1838623046875,6.00077508687973,403.7416070706662,0.18223876953125,6.093121826648712,0.20442708333333334,0.17693210144837698,6.133017857869466,0.10422271738449733,1.1831014156341553,10.720074017842611,7.569644927978516,0.9462056159973145,1.0682384570439656,2250.2001953125,253.63401794433594,0.10982228070497513,0.1127161979675293,0.000972608725229899,0.35505398611227673,0.27651060708755093,0.018767624095572363,0.013533862220842534,0.10497154827420195,0.010519028817474648,0.07586319517665954,1.0409012534916837,0.16391298644520144,0.02048912330565018,0.009890788403716632,0.0,0.0,0.0,0.0,0.002277823717670238,233.95683026313782,
de35fc9e-a356-4441-8e5a-11e801016dc5,79822f241282-s1701,79822f241282,1701,official-wikitext2-train-valid-test,wikitext2-causal-lm-fixed-splits-v1-factorial,medium,160,4,8,0.0005,0.0,0.1,1701,6000,48,64,6.035957336425781,5.821191918849945,337.37393643096203,0.20130615234375,5.7213552594184875,305.3184283657477,0.20201416015625,5.924746453762054,0.20182291666666666,0.19576581319173178,5.728943347930908,0.12095820407072704,1.1626421610514324,10.82326602935791,6.986359596252441,0.8732949495315552,1.1923279364903767,2290.172119140625,317.4337158203125,0.13744182884693146,0.13860692083835602,0.002942462762196859,-0.2663273861010869,0.07313613132141826,0.012707826364546312,0.007590043784726646,0.07148167752982432,0.005816318879518934,0.1569228207693962,1.7957554351409648,0.6826689835971838,0.08533362294964797,0.061570461723657925,0.0,0.0,0.0,0.0,0.005847795248632208,233.7716109752655,
cbd2cf9e-3a47-42fd-b9b4-6955f7322729,79822f241282-s1702,79822f241282,1702,official-wikitext2-train-valid-test,wikitext2-causal-lm-fixed-splits-v1-factorial,medium,160,4,8,0.0005,0.0,0.1,1702,6000,48,64,5.908689022064209,5.786682760715484,325.93004117527397,0.20208740234375,5.724714207649231,306.34570147326025,0.20377197265625,5.792071362336476,0.19661458333333334,0.19637753566106161,5.731096426645915,0.12095019221305847,1.1280360221862793,10.419173876444498,7.328719615936279,0.9160899519920349,1.2276579936345418,2289.516845703125,326.43212890625,0.1413571983575821,0.14257685840129852,0.002633392810821533,0.7146502683560053,0.16324248382961268,0.029383552334366556,0.012403968731010786,0.038211378805540826,0.01385711186913281,0.04615338515743099,0.3777103379361282,0.08441017630848689,0.010551272038560862,0.06655012649068873,0.0,0.0,0.0,0.0,0.007270495002587657,233.63072729110718,
e9b621e5-c29d-470d-a495-b3ea24701019,79822f241282-s1703,79822f241282,1703,official-wikitext2-train-valid-test,wikitext2-causal-lm-fixed-splits-v1-factorial,medium,160,4,8,0.0005,0.0,0.1,1703,6000,48,64,5.942926406860352,5.83029443025589,340.4589057188768,0.19825439453125,5.7179303646087645,304.2745335005766,0.2042724609375,5.860780556996663,0.19791666666666666,0.20878833035628,5.694199562072754,0.1351905663808187,1.1126994291941326,10.470161437988281,7.404731750488281,0.9255914688110352,1.1516414483388264,2290.010009765625,317.3752136230469,0.1374153196811676,0.13859118521213531,0.0025833447774251304,0.8303765257199606,0.23046364314985612,0.04514775637392138,0.0070709874720358895,0.017479423005799712,0.007507726885803623,0.07302099530099432,0.6439217375827808,0.21547050236304083,0.026933812795380103,0.02884320696597812,0.0,0.0,0.0,0.0,0.004623982218607554,233.8540074825287,
6fdfeb80-22a8-4a46-8464-59cace13912d,79822f241282-s1704,79822f241282,1704,official-wikitext2-train-valid-test,wikitext2-causal-lm-fixed-splits-v1-factorial,medium,160,4,8,0.0005,0.0,0.1,1704,6000,48,64,6.0087738037109375,5.819265902042389,336.7247739086036,0.20096435546875,5.730433988571167,308.10295252675553,0.20262451171875,5.6696377992630005,0.22526041666666666,0.2107397069533666,5.687807401021321,0.13618309795856476,1.2969828049341838,10.309794108072916,7.218674023946126,0.9023342529932658,1.1667282581329346,2288.303466796875,323.427490234375,0.14012600481510162,0.14133942127227783,0.0004887978235880533,0.616546019911766,0.04973023091369912,0.036920434580098506,0.01164846241865809,0.04262450165798703,0.01340641257813119,0.17749127937643536,0.7324284350729339,0.11114819004698374,0.013893523755872968,0.032766894370754245,0.0,0.0,0.0,0.0,0.0016743423970228077,234.09910702705383,
77a56413-6762-4921-9538-6e7d40c85207,79822f241282-s1705,79822f241282,1705,official-wikitext2-train-valid-test,wikitext2-causal-lm-fixed-splits-v1-factorial,medium,160,4,8,0.0005,0.0,0.1,1705,6000,48,64,5.971169948577881,5.812078809738159,334.31337772079877,0.20089111328125,5.728074765205383,307.3769256086736,0.2032958984375,5.778287053108215,0.23502604166666666,0.20221026738484701,5.849940299987793,0.12770715852578482,1.1025816599527996,8.897532145182291,7.629570960998535,0.9536963701248169,1.1792911291122437,2290.218017578125,318.3904113769531,0.1378614753484726,0.1390218734741211,0.0018732150395711262,0.35505398611227673,0.20183931184844525,0.027366991610655863,0.013964192774673857,0.06036383578789346,0.013594387270831383,0.12752889730452127,0.956300526257812,0.09664968876978712,0.01208121109622339,0.06783954454046609,0.0,0.0,0.0,0.0,0.0012792758179994929,233.89757323265076,
bbe819fa-4d02-4daa-9241-3bb6baf49f99,5f93b346a0f0-s1701,5f93b346a0f0,1701,official-wikitext2-train-valid-test,wikitext2-causal-lm-fixed-splits-v1-factorial,medium,160,4,8,0.0005,0.01,0.0,1701,6000,48,64,5.902489185333252,5.7972208738327025,329.382890120151,0.21378173828125,5.693447959423065,296.9156107156638,0.21728515625,5.894161144892375,0.22005208333333334,0.20898200074831644,5.762043635050456,0.13608565678199133,1.5467018683751423,18.37998898824056,7.775503317515056,0.971937914689382,1.0479669173558552,2227.969482421875,268.8512268066406,0.11640667915344238,0.12067096680402756,0.0053530534108479815,-0.2663273861010869,0.046423195991205216,0.013004547106405064,0.009711978030436172,0.03175275532438397,0.010816697903415289,0.05279707412156003,1.0080099259221957,0.12593745226368505,0.01574218153296063,0.013036624314176638,0.0,0.0,0.0,0.0,0.0028368708298724394,231.72157764434814,
38450626-aefb-4497-b0f3-c8b99e0adbf3,5f93b346a0f0-s1702,5f93b346a0f0,1702,official-wikitext2-train-valid-test,wikitext2-causal-lm-fixed-splits-v1-factorial,medium,160,4,8,0.0005,0.01,0.0,1702,6000,48,64,5.667382717132568,5.724352061748505,306.2347797194081,0.2158935546875,5.661130499839783,287.47344761189703,0.21898193359375,5.68383327126503,0.22005208333333334,0.21403901775678,5.682128111521403,0.13753279546896616,1.539581537246704,18.910781860351562,7.735260804494222,0.9669076005617777,1.0631279548009236,2226.97216796875,287.4942932128906,0.12449567764997482,0.12909649312496185,0.010540813207626343,0.7146502683560053,0.1800523620729704,0.014917238590351043,0.007504240065843847,0.034789792356998424,0.008578342717587903,0.09503245221964232,0.9827597450139046,0.13069433471932343,0.01633679183991543,0.018473134193794045,0.0,0.0,0.0,0.0,0.004267325013677933,231.79058647155762,
ea25ab36-68bd-4c56-b1e5-803c1dd121a9,5f93b346a0f0-s1703,5f93b346a0f0,1703,official-wikitext2-train-valid-test,wikitext2-causal-lm-fixed-splits-v1-factorial,medium,160,4,8,0.0005,0.01,0.0,1703,6000,48,64,5.765282154083252,5.792579340934753,327.857591200591,0.2101806640625,5.677971518039703,292.3557895865858,0.21878662109375,5.754400908946991,0.21875,0.21210276583830515,5.757948239644368,0.1401629497607549,1.5290217002232869,17.996449788411457,7.73995304107666,0.9674941301345825,1.0395591656366985,2228.23779296875,273.8488464355469,0.1185695230960846,0.12289929389953613,-0.00040278832117716473,0.8303765257199606,0.20952707360037476,0.04319012575682809,0.011444616692271892,0.04427901969167045,0.012715047594170489,0.051055460236717795,1.2347392201132603,0.05703046430431169,0.007128808038038961,0.0043044727735101415,0.0,0.0,0.0,0.0,0.0033483590159928294,231.65005588531494,
31052801-5308-47bf-8800-72af3f0960ad,5f93b346a0f0-s1704,5f93b346a0f0,1704,official-wikitext2-train-valid-test,wikitext2-causal-lm-fixed-splits-v1-factorial,medium,160,4,8,0.0005,0.01,0.0,1704,6000,48,64,5.875637054443359,5.803133690357209,331.3362399242594,0.21036376953125,5.709303915500641,301.66101362772986,0.2119384765625,5.592693308989207,0.23893229166666666,0.21984815100828806,5.7068681716918945,0.14452562729517618,1.5809826453526814,17.389140764872234,7.730900128682454,0.9663625160853068,1.047457496325175,2226.565673828125,272.0357971191406,0.11786039173603058,0.12217731028795242,0.007992605368296305,0.616546019911766,0.0669025938585493,0.03440679755657243,0.01101069604611321,0.0636764166708166,0.014761852194905556,0.044278714904526464,1.7173183675984567,0.1470525937039103,0.018381574212988788,0.014482792378685848,0.0,0.0,0.0,0.0,0.002357407466797235,232.07755136489868,
30d96312-13a9-4da0-9b51-be6b4fe34488,5f93b346a0f0-s1705,5f93b346a0f0,1705,official-wikitext2-train-valid-test,wikitext2-causal-lm-fixed-splits-v1-factorial,medium,160,4,8,0.0005,0.01,0.0,1705,6000,48,64,5.789609432220459,5.772668731212616,321.3943041704893,0.21373291015625,5.6893403172492985,295.69848909243944,0.21534423828125,5.690795977910359,0.2532552083333333,0.2125633955001831,5.8666917483011884,0.14330527186393738,1.5919293562571208,17.832177480061848,7.797811985015869,0.9747264981269836,1.0427817503611247,2227.833984375,277.2757568359375,0.12005903571844101,0.12445979565382004,0.0015416940053304036,0.35505398611227673,0.16752824868421745,0.023137181828016745,0.00541534768215634,0.035742969592773594,0.003756370900941458,0.1022547376327366,1.435787536813244,0.047453671497491266,0.005931708937186408,0.01807011473777629,0.0,0.0,0.0,0.0,0.005613499335276379,231.33622431755066,
bec3dc1f-3b64-4b6c-a6ac-210f709e2447,59b7d39cea60-s1701,59b7d39cea60,1701,official-wikitext2-train-valid-test,wikitext2-causal-lm-fixed-splits-v1-factorial,medium,160,4,8,0.0008,0.0,0.1,1701,6000,48,64,5.70593786239624,5.563748598098755,260.7986355100333,0.21488037109375,5.4601890563964846,235.14187523884044,0.21810302734375,5.62565811475118,0.22265625,0.21867650747299194,5.389671643575032,0.13977678616841635,1.0799583594004314,9.281375249226889,7.345499197642009,0.9181873997052511,1.5013255675633748,2288.474609375,444.76361083984375,0.19257287681102753,0.19434937834739685,0.00421595573425293,-0.2663273861010869,0.03065978371899394,0.015254393898255184,0.013023233458201939,0.04378020843447856,0.012863423974670747,0.076957189981066,1.249902672248572,0.3866279012258592,0.0483284876532324,0.10026483542368345,0.0,0.0,0.0,0.0,0.006642355797402741,233.75743579864502,
116c1e1c-81cf-4e52-bcf3-944124168b8a,59b7d39cea60-s1702,59b7d39cea60,1702,official-wikitext2-train-valid-test,wikitext2-causal-lm-fixed-splits-v1-factorial,medium,160,4,8,0.0008,0.0,0.1,1702,6000,48,64,5.571168899536133,5.537593519687652,254.06585871461027,0.21529541015625,5.480499720573425,239.96659366072547,0.21717529296875,5.47196094195048,0.220703125,0.210363507270813,5.517569224039714,0.13424014548460642,1.0187653104464214,9.116873423258463,7.124505519866943,0.8905631899833679,1.5023871660232544,2288.983642578125,449.7760925292969,0.1947697103023529,0.19649598002433777,0.0031174818674723306,0.7146502683560053,0.18797222925035037,0.020577448736040505,0.009889831910802005,0.0320879394347756,0.011478993572708969,0.06491756248159543,0.8637968067364861,0.14603416042171594,0.018254270052714492,0.09217244491835058,0.0,0.0,0.0,0.0,0.007030400689406688,233.65318250656128,
e7b704c6-739f-452a-b25d-a4813bf84dd4,59b7d39cea60-s1703,59b7d39cea60,1703,official-wikitext2-train-valid-test,wikitext2-causal-lm-fixed-splits-v1-factorial,medium,160,4,8,0.0008,0.0,0.1,1703,6000,48,64,5.608739852905273,5.574378049373626,263.58556743717276,0.21204833984375,5.454687750339508,233.8518395105311,0.2173583984375,5.497648219267528,0.216796875,0.22324202954769135,5.436632474263509,0.1467342128356298,1.0240532358487446,9.160805384318033,7.4314398765563965,0.9289299845695496,1.3813259998957317,2287.969482421875,447.2891540527344,0.19366472959518433,0.1954961121082306,0.0015845497449239094,0.8303765257199606,0.2271138950392171,0.03521046167445302,0.008511713876267948,0.032265958571465345,0.010277408757643526,0.05671666224410284,0.6275373251944449,0.20870189054840596,0.026087736318550745,0.055033295192766014,0.0,0.0,0.0,0.0,0.0022394289285516122,233.79056191444397,
af590157-48c9-4433-8fb6-b177c61d6836,59b7d39cea60-s1704,59b7d39cea60,1704,official-wikitext2-train-valid-test,wikitext2-causal-lm-fixed-splits-v1-factorial,medium,160,4,8,0.0008,0.0,0.1,1704,6000,48,64,5.710451126098633,5.575772905349732,263.95348787948865,0.2122314453125,5.490119159221649,242.28607575812586,0.215478515625,5.352436075607936,0.23567708333333334,0.22121483584245047,5.459098180135091,0.1434733122587204,1.232334057490031,9.125364621480307,7.093466440836589,0.8866833051045736,1.3855465253194172,2287.693115234375,448.68359375,0.19439361989498138,0.19612927734851837,0.001963287591934204,0.616546019911766,0.07012228493565335,0.028460277336451033,0.009316918539905317,0.12560433387378817,0.013418669052910956,0.2321487609287717,0.8177165571557283,0.3532530619123376,0.0441566327390422,0.14270491254396986,0.0,0.0,0.0,0.0,0.001616818446984053,234.15010690689087,
91f5eb5b-6d82-4f85-b82d-d67ac02980c6,59b7d39cea60-s1705,59b7d39cea60,1705,official-wikitext2-train-valid-test,wikitext2-causal-lm-fixed-splits-v1-factorial,medium,160,4,8,0.0008,0.0,0.1,1705,6000,48,64,5.66754674911499,5.561850154399872,260.3039936571875,0.215087890625,5.488510775566101,241.89670001064323,0.2157958984375,5.459323326746623,0.24934895833333334,0.21656721333662668,5.600052992502849,0.141600102186203,1.0400983889897664,7.94954268137614,7.471798419952393,0.9339748024940491,1.4191739161809285,2289.265625,444.1110534667969,0.19229789078235626,0.19399717450141907,0.0001720587412516276,0.35505398611227673,0.1455339768508455,0.019757800658194685,0.006828191273146917,0.05372787961215486,0.005844337051417703,0.06900563037603205,0.7983428636402359,0.10529867490807793,0.013162334363509741,0.163477578805195,0.0,0.0,0.0,0.0,0.0007283243258378211,233.91710686683655,
fea7e3e7-69f9-4f4e-af9c-d716cfadde2f,2f4fde069ddc-s1701,2f4fde069ddc,1701,official-wikitext2-train-valid-test,wikitext2-causal-lm-fixed-splits-v1-factorial,medium,160,4,8,0.0008,0.001,0.2,1701,6000,48,64,5.755216598510742,5.578140759468079,264.579231775582,0.21292724609375,5.47530871629715,238.7241535926749,0.21329345703125,5.646764794985454,0.22265625,0.21642254292964935,5.38853661219279,0.1372921367486318,1.0411730011304219,8.313648382822672,6.919599850972493,0.8649499813715616,1.497096578280131,2276.9912109375,462.2225036621094,0.20013219118118286,0.20299705862998962,0.0018990437189737956,-0.2663273861010869,0.029133658589214285,0.015502449088269086,0.010830100476709523,0.0652660145350834,0.00851343398321488,0.20300847001582228,1.7349564342003854,0.7278466178038571,0.09098082722548213,0.08830531663110076,0.0,0.0,0.0,0.0,0.005050690482064405,233.79104781150818,
056d7529-a80a-43e7-b707-01eae67b058e,2f4fde069ddc-s1702,2f4fde069ddc,1702,official-wikitext2-train-valid-test,wikitext2-causal-lm-fixed-splits-v1-factorial,medium,160,4,8,0.0008,0.001,0.2,1702,6000,48,64,5.629261016845703,5.55003821849823,257.2473873267197,0.21217041015625,5.492688918113709,242.90949322895236,0.21177978515625,5.504082421461741,0.220703125,0.20856053133805594,5.450494607289632,0.131328617533048,0.9500183860460917,7.535195191701253,7.2200117111206055,0.9025014638900757,1.520621697107951,2276.2626953125,471.2167663574219,0.2040543109178543,0.2070133537054062,0.002069572607676188,0.7146502683560053,0.15000761345299066,0.02039122365021592,0.011794157349812057,0.0446993253435439,0.011921905425565087,0.07368192185349669,1.3538065948680214,0.49855395129901253,0.062319243912376567,0.0829064410992875,0.0,0.0,0.0,0.0,0.003841444905352258,234.1562740802765,
21ebe6d2-9e2d-49d1-b3c5-6a34fc59c5a3,2f4fde069ddc-s1703,2f4fde069ddc,1703,official-wikitext2-train-valid-test,wikitext2-causal-lm-fixed-splits-v1-factorial,medium,160,4,8,0.0008,0.001,0.2,1703,6000,48,64,5.658570766448975,5.574082732200623,263.50773758536417,0.2084228515625,5.461643671989441,235.48416516689866,0.214990234375,5.514794568220775,0.2109375,0.21745351950327554,5.430935064951579,0.1420243283112844,0.8948363661766052,7.572186470031738,7.12883981068929,0.8911049763361613,1.4153225819269817,2276.4658203125,471.45330810546875,0.20412717759609222,0.20709878206253052,0.0011084278424580891,0.8303765257199606,0.20069103908172234,0.040359332655804346,0.010691043038365199,0.038779600052519375,0.011641851769040644,0.05547039050939579,0.3402942295449211,0.28442424387442145,0.03555303048430268,0.07251966869045624,0.0,0.0,0.0,0.0,0.0020978026889080675,233.82420444488525,
b03244cc-4859-4e9f-882b-9307cfbbbadd,2f4fde069ddc-s1704,2f4fde069ddc,1704,official-wikitext2-train-valid-test,wikitext2-causal-lm-fixed-splits-v1-factorial,medium,160,4,8,0.0008,0.001,0.2,1704,6000,48,64,5.769318103790283,5.586415696144104,266.77769167768355,0.21038818359375,5.502217495441437,245.23513756361902,0.21209716796875,5.396587491035461,0.23828125,0.20903152227401733,5.541845321655273,0.13252357145150503,1.098167061805725,7.448609193166097,7.012953281402588,0.8766191601753235,1.4036378860473633,2274.785888671875,467.8771057128906,0.20270927250385284,0.20567962527275085,-4.0809313456217446e-05,0.616546019911766,0.05812024889807853,0.027690325935073878,0.009961073045622429,0.09938793638712966,0.013694983897858323,0.1755450605388585,0.19725936074440928,0.08187055527780304,0.01023381940972538,0.12428915990683717,0.0,0.0,0.0,0.0,0.0013134672248205324,234.11600136756897,
90668010-27d3-4f9f-b337-2f39f849e4f6,2f4fde069ddc-s1705,2f4fde069ddc,1705,official-wikitext2-train-valid-test,wikitext2-causal-lm-fixed-splits-v1-factorial,medium,160,4,8,0.0008,0.001,0.2,1705,6000,48,64,5.707792282104492,5.575246715545655,263.8146347801622,0.210400390625,5.498521983623505,244.33054071823852,0.2116943359375,5.4916620055834455,0.24544270833333334,0.21443493167559305,5.611641089121501,0.13941294451554617,0.9650037288665771,6.689725240071614,7.343265692392985,0.9179082115491232,1.4437148173650105,2276.490478515625,470.99737548828125,0.2039395421743393,0.20689626038074493,0.000476221243540446,0.35505398611227673,0.16586777869330996,0.028258508351836856,0.010723130754297356,0.09921616774404259,0.00976585387102689,0.14510637684102512,0.9439224686217708,0.2619615328930542,0.03274519161163177,0.14934378129124046,0.0,0.0,0.0,0.0,0.0011926774027463348,234.38755917549133,
dd5a7d82-fd6b-4ed1-8902-746c91998a0e,050b9723e103-s1701,050b9723e103,1701,official-wikitext2-train-valid-test,wikitext2-causal-lm-fixed-splits-v1-factorial,medium,160,4,8,0.0008,0.01,0.0,1701,6000,48,64,5.568606853485107,5.58031439781189,265.1549568210851,0.22237548828125,5.481218576431274,240.13915706894403,0.225927734375,5.609803318977356,0.22981770833333334,0.22772662341594696,5.403496424357097,0.14938401679197946,1.4136808315912883,15.691109339396158,7.807451248168945,0.9759314060211182,1.1540448268254597,2185.8330078125,381.5562744140625,0.16520549356937408,0.17455874383449554,0.003952225049336751,-0.2663273861010869,0.043284988937866586,0.005638186222554939,0.013785175570576933,0.0583351460548835,0.01519199156427329,0.04219248701796159,0.4808048375446606,0.09180379695753703,0.011475474619692129,0.026596092241315674,0.0,0.0,0.0,0.0,0.0028910403081545684,231.2697331905365,
cbbc3ae4-3d20-4f3d-8ff4-668d53ccb717,050b9723e103-s1702,050b9723e103,1702,official-wikitext2-train-valid-test,wikitext2-causal-lm-fixed-splits-v1-factorial,medium,160,4,8,0.0008,0.01,0.0,1702,6000,48,64,5.346729278564453,5.516122686862945,248.66899800898236,0.223828125,5.4543612241745,233.77549323140292,0.2258544921875,5.395421842734019,0.23111979166666666,0.23087059458096823,5.352535406748454,0.149341290195783,1.4336591164271038,16.777250289916992,7.7057874997456866,0.9632234374682108,1.2204135258992512,2185.6142578125,403.8636779785156,0.17488794028759003,0.18478268384933472,0.009121080239613851,0.7146502683560053,0.20063856687133194,0.02410613096559065,0.00897234361084193,0.03136010579168375,0.012490277583041156,0.05885324500389242,0.38519381027895994,0.0927143120422021,0.011589289005275262,0.05384038797549778,0.0,0.0,0.0,0.0,0.003424549044154844,231.0620310306549,
e39a42a7-f23c-424a-aca1-28690f10e14d,050b9723e103-s1703,050b9723e103,1703,official-wikitext2-train-valid-test,wikitext2-causal-lm-fixed-splits-v1-factorial,medium,160,4,8,0.0008,0.01,0.0,1703,6000,48,64,5.478064060211182,5.59084050655365,267.96074785424724,0.218701171875,5.4686391115188595,237.13725571060525,0.22711181640625,5.4634451270103455,0.23177083333333334,0.23128032684326172,5.451934973398845,0.15587136149406433,1.375864307085673,14.662967681884766,7.793964703877767,0.9742455879847208,1.1358435948689778,2186.82373046875,388.6636962890625,0.1682814061641693,0.1777297854423523,0.0012794137001037598,0.8303765257199606,0.2373568487459164,0.03966014169405738,0.002546671243877809,0.08619288994344058,0.004002409059399994,0.06376810943499048,0.33048792662549026,0.009590334487107121,0.0011987918108883901,0.022726068492929394,0.0,0.0,0.0,0.0,0.003689823208597034,231.20215964317322,
7457fca2-6173-417c-bf55-b3cd369b71aa,050b9723e103-s1704,050b9723e103,1704,official-wikitext2-train-valid-test,wikitext2-causal-lm-fixed-splits-v1-factorial,medium,160,4,8,0.0008,0.01,0.0,1704,6000,48,64,5.561370372772217,5.568172097206116,261.95483337621783,0.22001953125,5.479164671897888,239.64644033537442,0.220849609375,5.292072296142578,0.2565104166666667,0.23223146299521127,5.422253767649333,0.15253688395023346,1.454795241355896,14.53912607828776,7.745197614034017,0.9681497017542521,1.1589555342992146,2184.435546875,393.3955078125,0.17043988406658173,0.18009023368358612,0.00829299290974935,0.616546019911766,0.06973091259878468,0.015907280889154447,0.006704532868287744,0.09621288643469371,0.01050654008752007,0.06487081341158353,1.1101122352076733,0.051038894936632384,0.006379861867079048,0.05488698537003532,0.0,0.0,0.0,0.0,0.004069476493445249,230.65507054328918,
9b0d2532-2445-4d2f-aeb7-35c5264b37ab,050b9723e103-s1705,050b9723e103,1705,official-wikitext2-train-valid-test,wikitext2-causal-lm-fixed-splits-v1-factorial,medium,160,4,8,0.0008,0.01,0.0,1705,6000,48,64,5.517045497894287,5.5815911293029785,265.49370470350686,0.219921875,5.499823653697968,244.64878555132194,0.2227294921875,5.428513884544373,0.2591145833333333,0.2304214139779409,5.6005706787109375,0.1590236872434616,1.4399775266647339,14.946922302246094,7.805274645487468,0.9756593306859335,1.1277092695236206,2185.969482421875,383.67856852213544,0.166130930185318,0.17551872630914053,-0.0007172028223673502,0.35505398611227673,0.1333363434755135,0.023464611055911588,0.0045448109038761664,0.06977011676736085,0.0029725127148169717,0.053640443465229753,0.7171113111723104,0.06914345062292218,0.008642931327865273,0.04456361232377497,0.0,1.7619331945484187e-05,0.0,8.60318942650595e-09,0.002340273969435297,231.44276094436646,
