baseline,metric,nuisance_model,status,configuration_units,residual_r,delta_mse,relative_mse_improvement
B1_design,prediction_confidence,polynomial_ridge,descriptive_underpowered,36,-0.5305019305019305,0.0005344020367588861,0.2657312016825356
B1_design,prediction_confidence,polynomial_ridge_interactions,descriptive_underpowered,36,-0.7624195624195624,0.0004520283003704266,0.25813136990187596
B1_design,prediction_entropy,polynomial_ridge,descriptive_underpowered,36,-0.018018018018018018,8.735824912953303e-05,0.043438854872004995
B1_design,prediction_entropy,polynomial_ridge_interactions,descriptive_underpowered,36,0.7655083655083657,0.00017144804881875117,0.09790563925382789
B1_design,prediction_margin,polynomial_ridge,descriptive_underpowered,36,-0.5539253539253539,0.0005558421372659442,0.2763922831905491
B1_design,prediction_margin,polynomial_ridge_interactions,descriptive_underpowered,36,-0.7621621621621621,0.00048279821943938484,0.2757025736396313
B1_design,gradient_norm,polynomial_ridge,descriptive_underpowered,36,0.25534105534105533,0.0002224093372826864,0.11059295510920765
B1_design,gradient_norm,polynomial_ridge_interactions,descriptive_underpowered,36,0.3137709137709138,0.0003030500121768869,0.17305711772447663
B1_design,empirical_fisher_trace,polynomial_ridge,descriptive_underpowered,36,0.2398970398970399,0.0004769213113700679,0.23714893368858694
B1_design,empirical_fisher_trace,polynomial_ridge_interactions,descriptive_underpowered,36,0.34491634491634493,0.0005528889416750195,0.3157279749989484
B1_design,fim_erank,polynomial_ridge,descriptive_underpowered,36,0.18867438867438868,1.204934253541982e-05,0.0059915308160890125
B1_design,fim_erank,polynomial_ridge_interactions,descriptive_underpowered,36,-0.433976833976834,0.0003281758861415807,0.18740528190174904
B1_design,fim_norm,polynomial_ridge,descriptive_underpowered,36,0.18867438867438868,1.204934253541982e-05,0.0059915308160890125
B1_design,fim_norm,polynomial_ridge_interactions,descriptive_underpowered,36,-0.433976833976834,0.0003281758861415807,0.18740528190174904
B1_design,feature_erank,polynomial_ridge,descriptive_underpowered,36,-0.25945945945945953,0.0005525049656514886,0.2747328759234876
B1_design,feature_erank,polynomial_ridge_interactions,descriptive_underpowered,36,-0.2344916344916345,0.0004397457842411211,0.25111742251915375
B1_design,parameter_l2,polynomial_ridge,descriptive_underpowered,36,-0.0913770913770914,-0.0002495526751516235,-0.12408996914256182
B1_design,parameter_l2,polynomial_ridge_interactions,descriptive_underpowered,36,-0.14414414414414414,-0.00023524111029025346,-0.1343347529495393
B1_design,distance_from_initialization_l2,polynomial_ridge,descriptive_underpowered,36,-0.2712998712998713,0.0003712184758950371,0.18458824050263564
B1_design,distance_from_initialization_l2,polynomial_ridge_interactions,descriptive_underpowered,36,-0.30167310167310174,6.35012118639438e-05,0.03626245258413355
B1_design,relative_distance_from_initialization,polynomial_ridge,descriptive_underpowered,36,-0.22419562419562422,0.0005582229717153175,0.2775761521800391
B1_design,relative_distance_from_initialization,polynomial_ridge_interactions,descriptive_underpowered,36,-0.01415701415701416,0.00014061687278309524,0.08029945464271404
B1_design,update_to_weight_ratio,polynomial_ridge,descriptive_underpowered,36,-0.2084942084942085,6.077362907784718e-06,0.003021966305257815
B1_design,update_to_weight_ratio,polynomial_ridge_interactions,descriptive_underpowered,36,0.01698841698841699,-0.00011089735682984171,-0.06332808501929148
B1_design,sharpness_random_perturbation,polynomial_ridge,descriptive_underpowered,36,-0.35109395109395114,0.00021338966088221183,0.10610792458196226
B1_design,sharpness_random_perturbation,polynomial_ridge_interactions,descriptive_underpowered,36,0.14234234234234233,0.00045751932427296003,0.2612670264989593
B1_design,random_metric,polynomial_ridge,descriptive_underpowered,36,0.09214929214929216,-6.344507968917678e-05,-0.031548040813803725
B1_design,random_metric,polynomial_ridge_interactions,descriptive_underpowered,36,-0.07490347490347489,-5.8024023887916654e-05,-0.03313469701152146
B2_training_state,prediction_confidence,polynomial_ridge,descriptive_underpowered,36,-0.09549549549549549,1.2571489740638734e-05,0.011002328516741305
B2_training_state,prediction_confidence,polynomial_ridge_interactions,descriptive_underpowered,36,-0.4723294723294723,0.00014715368411418025,0.1377744084098804
B2_training_state,prediction_entropy,polynomial_ridge,descriptive_underpowered,36,0.1626769626769627,0.00022004325076904654,0.19257766444549734
B2_training_state,prediction_entropy,polynomial_ridge_interactions,descriptive_underpowered,36,0.42960102960102964,8.531497740420723e-05,0.07987717474505475
B2_training_state,prediction_margin,polynomial_ridge,descriptive_underpowered,36,0.055598455598455596,-2.13561116923079e-06,-0.0018690462429399664
B2_training_state,prediction_margin,polynomial_ridge_interactions,descriptive_underpowered,36,-0.5477477477477478,0.00016213445050509783,0.15180033130443601
B2_training_state,gradient_norm,polynomial_ridge,descriptive_underpowered,36,-0.4247104247104247,8.666198491369447e-05,0.07584491954450742
B2_training_state,gradient_norm,polynomial_ridge_interactions,descriptive_underpowered,36,-0.46126126126126127,6.976385982764119e-05,0.065317253686188
B2_training_state,empirical_fisher_trace,polynomial_ridge,descriptive_underpowered,36,-0.4283140283140284,0.00011676986850641313,0.10219476614702039
B2_training_state,empirical_fisher_trace,polynomial_ridge_interactions,descriptive_underpowered,36,-0.38790218790218794,0.00014482605513317193,0.13559513775290327
B2_training_state,fim_erank,polynomial_ridge,descriptive_underpowered,36,-0.3428571428571429,4.688120787458465e-05,0.041029540725824334
B2_training_state,fim_erank,polynomial_ridge_interactions,descriptive_underpowered,36,-0.5142857142857143,0.00012956304347526502,0.12130495932903468
B2_training_state,fim_norm,polynomial_ridge,descriptive_underpowered,36,-0.3428571428571429,4.688120787458465e-05,0.041029540725824334
B2_training_state,fim_norm,polynomial_ridge_interactions,descriptive_underpowered,36,-0.5142857142857143,0.00012956304347526502,0.12130495932903468
B2_training_state,feature_erank,polynomial_ridge,descriptive_underpowered,36,-0.2046332046332047,0.0003054442847574188,0.2673190237429613
B2_training_state,feature_erank,polynomial_ridge_interactions,descriptive_underpowered,36,0.3722007722007722,8.09964568129404e-05,0.07583390784861734
B2_training_state,parameter_l2,polynomial_ridge,descriptive_underpowered,36,-0.07953667953667955,-8.382145900699689e-05,-0.07335894534172266
B2_training_state,parameter_l2,polynomial_ridge_interactions,descriptive_underpowered,36,-0.338996138996139,-0.000248708031600569,-0.23285588890840603
B2_training_state,distance_from_initialization_l2,polynomial_ridge,descriptive_underpowered,36,-0.3951093951093951,0.0002747076193450941,0.2404188792610891
B2_training_state,distance_from_initialization_l2,polynomial_ridge_interactions,descriptive_underpowered,36,-0.3415701415701416,4.7904730189249865e-06,0.004485138038907471
B2_training_state,relative_distance_from_initialization,polynomial_ridge,descriptive_underpowered,36,0.16241956241956243,5.238405256722178e-05,0.04584552565156344
B2_training_state,relative_distance_from_initialization,polynomial_ridge_interactions,descriptive_underpowered,36,0.47490347490347495,5.204237643291216e-05,0.048725301499929194
B2_training_state,update_to_weight_ratio,polynomial_ridge,descriptive_underpowered,36,-0.1958815958815959,-0.00021680790235749196,-0.18974614910209525
B2_training_state,update_to_weight_ratio,polynomial_ridge_interactions,descriptive_underpowered,36,0.22934362934362934,-0.00013814195972704224,-0.12933707295569322
B2_training_state,sharpness_random_perturbation,polynomial_ridge,descriptive_underpowered,36,-0.3842985842985843,2.7306218436022253e-05,0.02389788258839643
B2_training_state,sharpness_random_perturbation,polynomial_ridge_interactions,descriptive_underpowered,36,0.164993564993565,4.733197526688121e-05,0.044315131697319494
B2_training_state,random_metric,polynomial_ridge,descriptive_underpowered,36,-0.003346203346203347,-7.023966447185811e-05,-0.06147241730046554
B2_training_state,random_metric,polynomial_ridge_interactions,descriptive_underpowered,36,-0.05637065637065637,-0.0001400451801342002,-0.13111898597573246
B3_validation,prediction_confidence,polynomial_ridge,descriptive_underpowered,36,0.22187902187902186,1.1623450831332112e-05,0.013558139246306134
B3_validation,prediction_confidence,polynomial_ridge_interactions,descriptive_underpowered,36,-0.15675675675675677,4.9464974526627404e-05,0.056492111888375586
B3_validation,prediction_entropy,polynomial_ridge,descriptive_underpowered,36,0.17915057915057916,0.00010520862979967462,0.12272028964857629
B3_validation,prediction_entropy,polynomial_ridge_interactions,descriptive_underpowered,36,0.27850707850707856,2.077879885153456e-05,0.02373069512034326
B3_validation,prediction_margin,polynomial_ridge,descriptive_underpowered,36,0.216988416988417,-1.1708730835802931e-05,-0.013657613850906707
B3_validation,prediction_margin,polynomial_ridge_interactions,descriptive_underpowered,36,-0.2574002574002574,5.19764056611489e-05,0.059360324194336955
B3_validation,gradient_norm,polynomial_ridge,descriptive_underpowered,36,-0.24350064350064354,-1.2543314580509379e-05,-0.014631111548589731
B3_validation,gradient_norm,polynomial_ridge_interactions,descriptive_underpowered,36,0.209009009009009,4.279996285137333e-05,0.04888024937557679
B3_validation,empirical_fisher_trace,polynomial_ridge,descriptive_underpowered,36,-0.13436293436293437,8.813985180914589e-06,0.010281046492285393
B3_validation,empirical_fisher_trace,polynomial_ridge_interactions,descriptive_underpowered,36,0.13564993564993566,1.5375282685157923e-05,0.017559539817366736
B3_validation,fim_erank,polynomial_ridge,descriptive_underpowered,36,-0.47438867438867444,5.408919570803767e-05,0.06309217957488732
B3_validation,fim_erank,polynomial_ridge_interactions,descriptive_underpowered,36,-0.5935649935649936,0.00015116915211465306,0.17264467913017462
B3_validation,fim_norm,polynomial_ridge,descriptive_underpowered,36,-0.47438867438867444,5.408919570803767e-05,0.06309217957488732
B3_validation,fim_norm,polynomial_ridge_interactions,descriptive_underpowered,36,-0.5935649935649936,0.00015116915211465306,0.17264467913017462
B3_validation,feature_erank,polynomial_ridge,descriptive_underpowered,36,0.10064350064350065,4.711277292549149e-05,0.05495455221280526
B3_validation,feature_erank,polynomial_ridge_interactions,descriptive_underpowered,36,0.31145431145431146,-7.994340975499455e-05,-0.09130040178604187
B3_validation,parameter_l2,polynomial_ridge,descriptive_underpowered,36,-0.364993564993565,-7.211031698715366e-05,-0.08411286226390448
B3_validation,parameter_l2,polynomial_ridge_interactions,descriptive_underpowered,36,-0.2738738738738739,-0.0002703421926354715,-0.3087477865027645
B3_validation,distance_from_initialization_l2,polynomial_ridge,descriptive_underpowered,36,-0.11248391248391248,-2.370735885212985e-05,-0.02765337739571162
B3_validation,distance_from_initialization_l2,polynomial_ridge_interactions,descriptive_underpowered,36,0.10012870012870013,-0.00012635689624771222,-0.1443075224237928
B3_validation,relative_distance_from_initialization,polynomial_ridge,descriptive_underpowered,36,0.4808236808236809,-7.285472818515293e-05,-0.08498117846581738
B3_validation,relative_distance_from_initialization,polynomial_ridge_interactions,descriptive_underpowered,36,0.45559845559845563,-4.065219539252558e-05,-0.04642736385897503
B3_validation,update_to_weight_ratio,polynomial_ridge,descriptive_underpowered,36,0.1722007722007722,-0.00024103655851759234,-0.2811563683843967
B3_validation,update_to_weight_ratio,polynomial_ridge_interactions,descriptive_underpowered,36,0.37142857142857144,-0.0001260439842206898,-0.1439501572090942
B3_validation,sharpness_random_perturbation,polynomial_ridge,descriptive_underpowered,36,-0.10862290862290863,-1.3506284671371371e-05,-0.015754365113421015
B3_validation,sharpness_random_perturbation,polynomial_ridge_interactions,descriptive_underpowered,36,0.4051480051480052,-8.657757083939724e-05,-0.09887703098381571
B3_validation,random_metric,polynomial_ridge,descriptive_underpowered,36,0.22419562419562422,-7.92064771765337e-05,-0.09239015696388837
B3_validation,random_metric,polynomial_ridge_interactions,descriptive_underpowered,36,0.40051480051480054,-0.00021174837759870317,-0.24182996461564207
