baseline,metric,nuisance_model,status,target,controls,group_col,permutation_block_col,n,independence_units,n_splits,polynomial_degree,run_residual_r,residual_r,residual_p,residual_ci_low,residual_ci_high,baseline_mse,augmented_mse,delta_mse,delta_mse_ci_low,delta_mse_ci_high,relative_mse_improvement,increment_classification,refit_bootstrap_draws,refit_bootstrap_successful,refit_residual_ci_low,refit_residual_ci_high,refit_delta_mse_ci_low,refit_delta_mse_ci_high,refit_predictive_classification,refit_increment_classification
B1_design,prediction_confidence,polynomial_ridge,estimated,test_loss,"model_size,learning_rate,weight_decay,dropout",config_id,model_size,180,36,5,6,-0.492792905890294,-0.7245817245817247,0.001,,,0.001956618602419093,0.0012709739836707457,0.0006856446187483475,,,0.3504232341963023,residual-dependence-only,999,999,-0.9323157785596932,-0.14011455330876593,-0.00048193649209572845,0.0039458092424335236,no-supported-increment,residual-dependence-only
B1_design,prediction_confidence,polynomial_ridge_interactions,estimated,test_loss,"model_size,learning_rate,weight_decay,dropout",config_id,model_size,180,36,5,6,-0.4474113620170503,-0.6496782496782497,0.001,,,0.002018186262226449,0.001418378699593491,0.0005998075626329577,,,0.2972012910103026,residual-dependence-only,999,999,-0.9766120307822462,0.07291156309906399,-0.00011562298916424342,0.005127616932661318,no-supported-increment,residual-dependence-only
B1_design,prediction_entropy,polynomial_ridge,estimated,test_loss,"model_size,learning_rate,weight_decay,dropout",config_id,model_size,180,36,5,6,0.31091710290236546,0.17940797940797942,0.271,,,0.001956618602419093,0.0016496719680789,0.0003069466343401932,,,0.15687606872422422,no-supported-increment,999,999,-0.2646444385131082,0.81069329249567,-0.00024921226473354304,0.0029589637931339606,no-supported-increment,no-supported-increment
B1_design,prediction_entropy,polynomial_ridge_interactions,estimated,test_loss,"model_size,learning_rate,weight_decay,dropout",config_id,model_size,180,36,5,6,0.33641904971600256,0.4880308880308881,0.003,,,0.002018186262226449,0.0018209733351250324,0.00019721292710141647,,,0.09771790185701322,residual-dependence-only,999,999,-0.07503759170046369,0.9291897186641658,-0.00029356341721249946,0.003494276934895299,no-supported-increment,residual-dependence-only
B1_design,prediction_margin,polynomial_ridge,estimated,test_loss,"model_size,learning_rate,weight_decay,dropout",config_id,model_size,180,36,5,6,-0.49199603686414545,-0.656885456885457,0.001,,,0.001956618602419093,0.0012552759458528396,0.0007013426565662536,,,0.3584462785435744,residual-dependence-only,999,999,-0.8805070715122175,-0.06826508205133233,-0.0005177438835426859,0.003812302921620343,no-supported-increment,residual-dependence-only
B1_design,prediction_margin,polynomial_ridge_interactions,estimated,test_loss,"model_size,learning_rate,weight_decay,dropout",config_id,model_size,180,36,5,6,-0.45946322729144295,-0.6357786357786358,0.001,,,0.002018186262226449,0.0014839976235864524,0.0005341886386399965,,,0.2646874813480711,residual-dependence-only,999,999,-0.9717042247175932,0.18327302110179858,-0.0001405472578321477,0.0046348585533314834,no-supported-increment,residual-dependence-only
B1_design,gradient_norm,polynomial_ridge,estimated,test_loss,"model_size,learning_rate,weight_decay,dropout",config_id,model_size,180,36,5,6,0.08507176295081409,0.09317889317889319,0.568,,,0.001956618602419093,0.0016906465597151612,0.0002659720427039319,,,0.13593453643704176,no-supported-increment,999,999,-0.48566836095540483,0.598013773729765,-0.0014391223459248512,0.0023287929498432666,no-supported-increment,no-supported-increment
B1_design,gradient_norm,polynomial_ridge_interactions,estimated,test_loss,"model_size,learning_rate,weight_decay,dropout",config_id,model_size,180,36,5,6,0.04102215081941444,0.009266409266409266,0.967,,,0.002018186262226449,0.0013469282292845792,0.0006712580329418696,,,0.33260459924117336,no-supported-increment,999,999,-0.636540020057349,0.6878274877462498,-0.0031918871866848486,0.0035506666820317736,no-supported-increment,no-supported-increment
B1_design,empirical_fisher_trace,polynomial_ridge,estimated,test_loss,"model_size,learning_rate,weight_decay,dropout",config_id,model_size,180,36,5,6,0.02644156942849398,0.06846846846846848,0.677,,,0.001956618602419093,0.0014616193915476794,0.0004949992108714137,,,0.25298707180817687,no-supported-increment,999,999,-0.5159527251232807,0.5953238525350399,-0.0013255658974214374,0.0029763077252860297,no-supported-increment,no-supported-increment
B1_design,empirical_fisher_trace,polynomial_ridge_interactions,estimated,test_loss,"model_size,learning_rate,weight_decay,dropout",config_id,model_size,180,36,5,6,0.007772635119265269,0.03577863577863578,0.852,,,0.002018186262226449,0.0013632765071514795,0.0006549097550749693,,,0.32450411903630616,no-supported-increment,999,999,-0.6183991405048307,0.6792703447554248,-0.003670459896471866,0.003366786770174564,no-supported-increment,no-supported-increment
B1_design,fim_erank,polynomial_ridge,estimated,test_loss,"model_size,learning_rate,weight_decay,dropout",config_id,model_size,180,36,5,6,-0.04284922802484069,-0.08648648648648649,0.606,,,0.001956618602419093,0.001880951330866022,7.566727155307123e-05,,,0.038672468645406376,no-supported-increment,999,999,-0.522318259058138,0.6052240827303237,-0.0009852746749604959,0.001297079587012018,no-supported-increment,no-supported-increment
B1_design,fim_erank,polynomial_ridge_interactions,estimated,test_loss,"model_size,learning_rate,weight_decay,dropout",config_id,model_size,180,36,5,6,-0.18886738011006707,-0.35933075933075936,0.037,,,0.002018186262226449,0.0015312923279240933,0.0004868939343023555,,,0.2412532199903182,residual-dependence-only,999,999,-0.9175007586096982,0.5825140259766641,-0.0032569804059166922,0.0018455392095759384,no-supported-increment,residual-dependence-only
B1_design,fim_norm,polynomial_ridge,estimated,test_loss,"model_size,learning_rate,weight_decay,dropout",config_id,model_size,180,36,5,6,-0.04284922802484069,-0.08648648648648649,0.606,,,0.001956618602419093,0.001880951330866022,7.566727155307123e-05,,,0.038672468645406376,no-supported-increment,999,999,-0.522318259058138,0.6052240827303237,-0.0009852746749604959,0.001297079587012018,no-supported-increment,no-supported-increment
B1_design,fim_norm,polynomial_ridge_interactions,estimated,test_loss,"model_size,learning_rate,weight_decay,dropout",config_id,model_size,180,36,5,6,-0.18886738011006707,-0.35933075933075936,0.037,,,0.002018186262226449,0.0015312923279240933,0.0004868939343023555,,,0.2412532199903182,residual-dependence-only,999,999,-0.9175007586096982,0.5825140259766641,-0.0032569804059166922,0.0018455392095759384,no-supported-increment,residual-dependence-only
B1_design,feature_erank,polynomial_ridge,estimated,test_loss,"model_size,learning_rate,weight_decay,dropout",config_id,model_size,180,36,5,6,-0.09934872858221391,0.018018018018018018,0.916,,,0.001956618602419093,0.0015121986761614046,0.00044441992625768854,,,0.22713671724689916,no-supported-increment,999,999,-0.7549460711520101,0.7576600028035541,-0.001056075893472059,0.002926929020078994,no-supported-increment,no-supported-increment
B1_design,feature_erank,polynomial_ridge_interactions,estimated,test_loss,"model_size,learning_rate,weight_decay,dropout",config_id,model_size,180,36,5,6,-0.227085146708686,-0.1770913770913771,0.294,,,0.002018186262226449,0.0015915033661999926,0.0004266828960264562,,,0.21141898744060553,no-supported-increment,999,999,-0.7079642255811316,0.7429092134269644,-0.005279830586338472,0.002627696062257434,no-supported-increment,no-supported-increment
B1_design,parameter_l2,polynomial_ridge,estimated,test_loss,"model_size,learning_rate,weight_decay,dropout",config_id,model_size,180,36,5,6,-0.1329956269020569,-0.2056628056628057,0.235,,,0.001956618602419093,0.0021894319252508854,-0.00023281332283179223,,,-0.11898758528818554,no-supported-increment,999,999,-0.4784479453809427,0.42780237011142885,-0.002336318529405727,0.0008367827448519414,no-supported-increment,no-supported-increment
B1_design,parameter_l2,polynomial_ridge_interactions,estimated,test_loss,"model_size,learning_rate,weight_decay,dropout",config_id,model_size,180,36,5,6,-0.12896475706806038,-0.13745173745173747,0.42,,,0.002018186262226449,0.0028555816127171204,-0.0008373953504906715,,,-0.41492471045108736,no-supported-increment,999,999,-0.6245041808889773,0.4989555834893441,-0.005450705771628328,0.0015188301699922597,no-supported-increment,no-supported-increment
B1_design,distance_from_initialization_l2,polynomial_ridge,estimated,test_loss,"model_size,learning_rate,weight_decay,dropout",config_id,model_size,180,36,5,6,-0.19715966535845833,-0.29729729729729737,0.086,,,0.001956618602419093,0.0015483834501352687,0.0004082351522838245,,,0.20864319279142965,no-supported-increment,999,999,-0.7549588831613522,0.5232921498474777,-0.0020665981499752104,0.002078334194766803,no-supported-increment,no-supported-increment
B1_design,distance_from_initialization_l2,polynomial_ridge_interactions,estimated,test_loss,"model_size,learning_rate,weight_decay,dropout",config_id,model_size,180,36,5,6,-0.2953916167739301,-0.406949806949807,0.009,,,0.002018186262226449,0.0018615216213678201,0.00015666464085862869,,,0.07762645291510277,residual-dependence-only,999,999,-0.7901011808322685,0.6430948230137105,-0.0035886184483524684,0.0021675562303662315,no-supported-increment,residual-dependence-only
B1_design,relative_distance_from_initialization,polynomial_ridge,estimated,test_loss,"model_size,learning_rate,weight_decay,dropout",config_id,model_size,180,36,5,6,-0.024357668495997156,-0.05740025740025741,0.736,,,0.001956618602419093,0.0014179196446801503,0.0005386989577389428,,,0.2753213922595414,no-supported-increment,999,999,-0.4787785582404532,0.7778134950132937,-0.0005131962605268699,0.003184887397787108,no-supported-increment,no-supported-increment
B1_design,relative_distance_from_initialization,polynomial_ridge_interactions,estimated,test_loss,"model_size,learning_rate,weight_decay,dropout",config_id,model_size,180,36,5,6,-0.194474056729443,-0.22805662805662807,0.151,,,0.002018186262226449,0.0018674533125363942,0.00015073294969005467,,,0.07468733313235773,no-supported-increment,999,999,-0.49281901253249066,0.8389506352788673,-0.005032735815167494,0.0019994015222331817,no-supported-increment,no-supported-increment
B1_design,update_to_weight_ratio,polynomial_ridge,estimated,test_loss,"model_size,learning_rate,weight_decay,dropout",config_id,model_size,180,36,5,6,0.05727899494827987,0.146975546975547,0.372,,,0.001956618602419093,0.0020234907340511777,-6.687213163208451e-05,,,-0.03417739744956232,no-supported-increment,999,999,-0.5002768246276748,0.7702015786505197,-0.0010551502585855101,0.0028867501015448077,no-supported-increment,no-supported-increment
B1_design,update_to_weight_ratio,polynomial_ridge_interactions,estimated,test_loss,"model_size,learning_rate,weight_decay,dropout",config_id,model_size,180,36,5,6,-0.13916926544881136,-0.08648648648648649,0.629,,,0.002018186262226449,0.0021385777152726658,-0.00012039145304621694,,,-0.05965329132376609,no-supported-increment,999,999,-0.5380332077548523,0.8074703677475439,-0.0053730348777310515,0.0022033155246124437,no-supported-increment,no-supported-increment
B1_design,sharpness_random_perturbation,polynomial_ridge,estimated,test_loss,"model_size,learning_rate,weight_decay,dropout",config_id,model_size,180,36,5,6,-0.10452555330605637,-0.21673101673101675,0.216,,,0.001956618602419093,0.0018587454349846173,9.787316743447585e-05,,,0.05002158689152243,no-supported-increment,999,999,-0.7636638777278418,0.3415689514275965,-0.0006239185391034848,0.0008269036531639433,no-supported-increment,no-supported-increment
B1_design,sharpness_random_perturbation,polynomial_ridge_interactions,estimated,test_loss,"model_size,learning_rate,weight_decay,dropout",config_id,model_size,180,36,5,6,-0.02622488511676049,-0.1915057915057915,0.265,,,0.002018186262226449,0.0016470617341464843,0.00037112452807996454,,,0.18389012700470103,no-supported-increment,999,999,-0.6645275099587988,0.7237867651536438,-0.0016834008986043873,0.0016647608042122998,no-supported-increment,no-supported-increment
B1_design,random_metric,polynomial_ridge,estimated,test_loss,"model_size,learning_rate,weight_decay,dropout",config_id,model_size,180,36,5,6,-0.06406024939572542,0.01312741312741313,0.932,,,0.001956618602419093,0.002048563434007026,-9.194483158793268e-05,,,-0.04699169857337316,no-supported-increment,999,999,-0.5339359351929627,0.5165655344151124,-0.00044968416429685715,0.0004075463558302783,no-supported-increment,no-supported-increment
B1_design,random_metric,polynomial_ridge_interactions,estimated,test_loss,"model_size,learning_rate,weight_decay,dropout",config_id,model_size,180,36,5,6,-0.0946129470389135,-0.1431145431145431,0.385,,,0.002018186262226449,0.002078282793258528,-6.0096531032079355e-05,,,-0.029777494851134942,no-supported-increment,999,999,-0.7241659601614785,0.5368246261066154,-0.0012078484539929067,0.0006299004748928918,no-supported-increment,no-supported-increment
