scope,baseline,scenario,icc,beta,planned_repetitions,estimated_repetitions,estimability_rate,single_005_support_count,single_005_support_rate,single_005_support_wilson_95_low,single_005_support_wilson_95_high,single_005_positive_support_count,single_005_positive_support_rate,single_005_positive_support_wilson_95_low,single_005_positive_support_wilson_95_high,unanimous_050_support_count,unanimous_050_support_rate,unanimous_050_support_wilson_95_low,unanimous_050_support_wilson_95_high,unanimous_050_positive_support_count,unanimous_050_positive_support_rate,unanimous_050_positive_support_wilson_95_low,unanimous_050_positive_support_wilson_95_high,unanimous_025_support_count,unanimous_025_support_rate,unanimous_025_support_wilson_95_low,unanimous_025_support_wilson_95_high,unanimous_025_positive_support_count,unanimous_025_positive_support_rate,unanimous_025_positive_support_wilson_95_low,unanimous_025_positive_support_wilson_95_high,unanimous_010_support_count,unanimous_010_support_rate,unanimous_010_support_wilson_95_low,unanimous_010_support_wilson_95_high,unanimous_010_positive_support_count,unanimous_010_positive_support_rate,unanimous_010_positive_support_wilson_95_low,unanimous_010_positive_support_wilson_95_high,two_of_three_010_support_count,two_of_three_010_support_rate,two_of_three_010_support_wilson_95_low,two_of_three_010_support_wilson_95_high,two_of_three_010_positive_support_count,two_of_three_010_positive_support_rate,two_of_three_010_positive_support_wilson_95_low,two_of_three_010_positive_support_wilson_95_high
image,B1_design,additive_proxy_null,0.3,0.0,20,20,1.0,0,0.0,0.0,0.16112515805281938,0,0.0,0.0,0.16112515805281938,2,0.1,0.027866481213768224,0.3010336452284873,2,0.1,0.027866481213768224,0.3010336452284873,1,0.05,0.008881448800795402,0.23613119344674205,1,0.05,0.008881448800795402,0.23613119344674205,1,0.05,0.008881448800795402,0.23613119344674205,1,0.05,0.008881448800795402,0.23613119344674205,1,0.05,0.008881448800795402,0.23613119344674205,1,0.05,0.008881448800795402,0.23613119344674205
image,B1_design,additive_proxy_null,0.8,0.0,20,20,1.0,0,0.0,0.0,0.16112515805281938,0,0.0,0.0,0.16112515805281938,1,0.05,0.008881448800795402,0.23613119344674205,1,0.05,0.008881448800795402,0.23613119344674205,1,0.05,0.008881448800795402,0.23613119344674205,1,0.05,0.008881448800795402,0.23613119344674205,0,0.0,0.0,0.16112515805281938,0,0.0,0.0,0.16112515805281938,1,0.05,0.008881448800795402,0.23613119344674205,1,0.05,0.008881448800795402,0.23613119344674205
image,B1_design,heteroskedastic_proxy_null,0.3,0.0,20,20,1.0,0,0.0,0.0,0.16112515805281938,0,0.0,0.0,0.16112515805281938,0,0.0,0.0,0.16112515805281938,0,0.0,0.0,0.16112515805281938,0,0.0,0.0,0.16112515805281938,0,0.0,0.0,0.16112515805281938,0,0.0,0.0,0.16112515805281938,0,0.0,0.0,0.16112515805281938,0,0.0,0.0,0.16112515805281938,0,0.0,0.0,0.16112515805281938
image,B1_design,heteroskedastic_proxy_null,0.8,0.0,20,20,1.0,2,0.1,0.027866481213768224,0.3010336452284873,2,0.1,0.027866481213768224,0.3010336452284873,3,0.15,0.052368745896216595,0.36041886474075696,3,0.15,0.052368745896216595,0.36041886474075696,2,0.1,0.027866481213768224,0.3010336452284873,2,0.1,0.027866481213768224,0.3010336452284873,2,0.1,0.027866481213768224,0.3010336452284873,2,0.1,0.027866481213768224,0.3010336452284873,2,0.1,0.027866481213768224,0.3010336452284873,2,0.1,0.027866481213768224,0.3010336452284873
image,B1_design,independent_null,0.3,0.0,20,20,1.0,0,0.0,0.0,0.16112515805281938,0,0.0,0.0,0.16112515805281938,0,0.0,0.0,0.16112515805281938,0,0.0,0.0,0.16112515805281938,0,0.0,0.0,0.16112515805281938,0,0.0,0.0,0.16112515805281938,0,0.0,0.0,0.16112515805281938,0,0.0,0.0,0.16112515805281938,0,0.0,0.0,0.16112515805281938,0,0.0,0.0,0.16112515805281938
image,B1_design,independent_null,0.8,0.0,20,20,1.0,0,0.0,0.0,0.16112515805281938,0,0.0,0.0,0.16112515805281938,0,0.0,0.0,0.16112515805281938,0,0.0,0.0,0.16112515805281938,0,0.0,0.0,0.16112515805281938,0,0.0,0.0,0.16112515805281938,0,0.0,0.0,0.16112515805281938,0,0.0,0.0,0.16112515805281938,0,0.0,0.0,0.16112515805281938,0,0.0,0.0,0.16112515805281938
image,B1_design,interaction_increment,0.3,0.2,20,20,1.0,2,0.1,0.027866481213768224,0.3010336452284873,2,0.1,0.027866481213768224,0.3010336452284873,6,0.3,0.1454772448676043,0.5189728183535235,6,0.3,0.1454772448676043,0.5189728183535235,3,0.15,0.052368745896216595,0.36041886474075696,3,0.15,0.052368745896216595,0.36041886474075696,1,0.05,0.008881448800795402,0.23613119344674205,1,0.05,0.008881448800795402,0.23613119344674205,3,0.15,0.052368745896216595,0.36041886474075696,3,0.15,0.052368745896216595,0.36041886474075696
image,B1_design,interaction_increment,0.3,0.35,20,20,1.0,9,0.45,0.2581978582556243,0.6579146575496577,9,0.45,0.2581978582556243,0.6579146575496577,14,0.7,0.4810271816464765,0.8545227551323956,14,0.7,0.4810271816464765,0.8545227551323956,9,0.45,0.2581978582556243,0.6579146575496577,9,0.45,0.2581978582556243,0.6579146575496577,6,0.3,0.1454772448676043,0.5189728183535235,6,0.3,0.1454772448676043,0.5189728183535235,11,0.55,0.34208534245034233,0.7418021417443759,11,0.55,0.34208534245034233,0.7418021417443759
image,B1_design,interaction_increment,0.3,0.5,20,20,1.0,11,0.55,0.34208534245034233,0.7418021417443759,11,0.55,0.34208534245034233,0.7418021417443759,17,0.85,0.6395811352592431,0.9476312541037835,17,0.85,0.6395811352592431,0.9476312541037835,16,0.8,0.5839825677481064,0.919342337420202,16,0.8,0.5839825677481064,0.919342337420202,14,0.7,0.4810271816464765,0.8545227551323956,14,0.7,0.4810271816464765,0.8545227551323956,15,0.75,0.531299122381256,0.8881382985923343,15,0.75,0.531299122381256,0.8881382985923343
image,B1_design,interaction_increment,0.8,0.2,20,20,1.0,7,0.35,0.18119182410108206,0.5671457233147638,7,0.35,0.18119182410108206,0.5671457233147638,9,0.45,0.2581978582556243,0.6579146575496577,9,0.45,0.2581978582556243,0.6579146575496577,8,0.4,0.21880653237281705,0.6134184992377469,8,0.4,0.21880653237281705,0.6134184992377469,7,0.35,0.18119182410108206,0.5671457233147638,7,0.35,0.18119182410108206,0.5671457233147638,8,0.4,0.21880653237281705,0.6134184992377469,8,0.4,0.21880653237281705,0.6134184992377469
image,B1_design,interaction_increment,0.8,0.35,20,20,1.0,9,0.45,0.2581978582556243,0.6579146575496577,9,0.45,0.2581978582556243,0.6579146575496577,15,0.75,0.531299122381256,0.8881382985923343,15,0.75,0.531299122381256,0.8881382985923343,13,0.65,0.43285427668523624,0.818808175898918,13,0.65,0.43285427668523624,0.818808175898918,11,0.55,0.34208534245034233,0.7418021417443759,11,0.55,0.34208534245034233,0.7418021417443759,11,0.55,0.34208534245034233,0.7418021417443759,11,0.55,0.34208534245034233,0.7418021417443759
image,B1_design,interaction_increment,0.8,0.5,20,20,1.0,14,0.7,0.4810271816464765,0.8545227551323956,14,0.7,0.4810271816464765,0.8545227551323956,19,0.95,0.763868806553258,0.9911185511992047,19,0.95,0.763868806553258,0.9911185511992047,17,0.85,0.6395811352592431,0.9476312541037835,17,0.85,0.6395811352592431,0.9476312541037835,15,0.75,0.531299122381256,0.8881382985923343,15,0.75,0.531299122381256,0.8881382985923343,18,0.9,0.6989663547715128,0.9721335187862319,18,0.9,0.6989663547715128,0.9721335187862319
image,B1_design,interaction_proxy_null,0.3,0.0,20,20,1.0,1,0.05,0.008881448800795402,0.23613119344674205,1,0.05,0.008881448800795402,0.23613119344674205,4,0.2,0.08065766257979806,0.41601743225189364,4,0.2,0.08065766257979806,0.41601743225189364,4,0.2,0.08065766257979806,0.41601743225189364,4,0.2,0.08065766257979806,0.41601743225189364,1,0.05,0.008881448800795402,0.23613119344674205,1,0.05,0.008881448800795402,0.23613119344674205,4,0.2,0.08065766257979806,0.41601743225189364,4,0.2,0.08065766257979806,0.41601743225189364
image,B1_design,interaction_proxy_null,0.8,0.0,20,20,1.0,0,0.0,0.0,0.16112515805281938,0,0.0,0.0,0.16112515805281938,3,0.15,0.052368745896216595,0.36041886474075696,3,0.15,0.052368745896216595,0.36041886474075696,1,0.05,0.008881448800795402,0.23613119344674205,1,0.05,0.008881448800795402,0.23613119344674205,1,0.05,0.008881448800795402,0.23613119344674205,1,0.05,0.008881448800795402,0.23613119344674205,2,0.1,0.027866481213768224,0.3010336452284873,2,0.1,0.027866481213768224,0.3010336452284873
image,B1_design,nonlinear_proxy_null,0.3,0.0,20,20,1.0,0,0.0,0.0,0.16112515805281938,0,0.0,0.0,0.16112515805281938,1,0.05,0.008881448800795402,0.23613119344674205,1,0.05,0.008881448800795402,0.23613119344674205,0,0.0,0.0,0.16112515805281938,0,0.0,0.0,0.16112515805281938,0,0.0,0.0,0.16112515805281938,0,0.0,0.0,0.16112515805281938,0,0.0,0.0,0.16112515805281938,0,0.0,0.0,0.16112515805281938
image,B1_design,nonlinear_proxy_null,0.8,0.0,20,20,1.0,1,0.05,0.008881448800795402,0.23613119344674205,1,0.05,0.008881448800795402,0.23613119344674205,1,0.05,0.008881448800795402,0.23613119344674205,1,0.05,0.008881448800795402,0.23613119344674205,1,0.05,0.008881448800795402,0.23613119344674205,1,0.05,0.008881448800795402,0.23613119344674205,0,0.0,0.0,0.16112515805281938,0,0.0,0.0,0.16112515805281938,1,0.05,0.008881448800795402,0.23613119344674205,1,0.05,0.008881448800795402,0.23613119344674205
image,B2_training_state,additive_proxy_null,0.3,0.0,20,20,1.0,0,0.0,0.0,0.16112515805281938,0,0.0,0.0,0.16112515805281938,0,0.0,0.0,0.16112515805281938,0,0.0,0.0,0.16112515805281938,0,0.0,0.0,0.16112515805281938,0,0.0,0.0,0.16112515805281938,0,0.0,0.0,0.16112515805281938,0,0.0,0.0,0.16112515805281938,0,0.0,0.0,0.16112515805281938,0,0.0,0.0,0.16112515805281938
image,B2_training_state,additive_proxy_null,0.8,0.0,20,20,1.0,1,0.05,0.008881448800795402,0.23613119344674205,1,0.05,0.008881448800795402,0.23613119344674205,1,0.05,0.008881448800795402,0.23613119344674205,1,0.05,0.008881448800795402,0.23613119344674205,1,0.05,0.008881448800795402,0.23613119344674205,1,0.05,0.008881448800795402,0.23613119344674205,1,0.05,0.008881448800795402,0.23613119344674205,1,0.05,0.008881448800795402,0.23613119344674205,1,0.05,0.008881448800795402,0.23613119344674205,1,0.05,0.008881448800795402,0.23613119344674205
image,B2_training_state,heteroskedastic_proxy_null,0.3,0.0,20,20,1.0,0,0.0,0.0,0.16112515805281938,0,0.0,0.0,0.16112515805281938,1,0.05,0.008881448800795402,0.23613119344674205,1,0.05,0.008881448800795402,0.23613119344674205,0,0.0,0.0,0.16112515805281938,0,0.0,0.0,0.16112515805281938,0,0.0,0.0,0.16112515805281938,0,0.0,0.0,0.16112515805281938,0,0.0,0.0,0.16112515805281938,0,0.0,0.0,0.16112515805281938
image,B2_training_state,heteroskedastic_proxy_null,0.8,0.0,20,20,1.0,2,0.1,0.027866481213768224,0.3010336452284873,2,0.1,0.027866481213768224,0.3010336452284873,4,0.2,0.08065766257979806,0.41601743225189364,4,0.2,0.08065766257979806,0.41601743225189364,3,0.15,0.052368745896216595,0.36041886474075696,3,0.15,0.052368745896216595,0.36041886474075696,2,0.1,0.027866481213768224,0.3010336452284873,2,0.1,0.027866481213768224,0.3010336452284873,2,0.1,0.027866481213768224,0.3010336452284873,2,0.1,0.027866481213768224,0.3010336452284873
image,B2_training_state,independent_null,0.3,0.0,20,20,1.0,0,0.0,0.0,0.16112515805281938,0,0.0,0.0,0.16112515805281938,0,0.0,0.0,0.16112515805281938,0,0.0,0.0,0.16112515805281938,0,0.0,0.0,0.16112515805281938,0,0.0,0.0,0.16112515805281938,0,0.0,0.0,0.16112515805281938,0,0.0,0.0,0.16112515805281938,0,0.0,0.0,0.16112515805281938,0,0.0,0.0,0.16112515805281938
image,B2_training_state,independent_null,0.8,0.0,20,20,1.0,0,0.0,0.0,0.16112515805281938,0,0.0,0.0,0.16112515805281938,0,0.0,0.0,0.16112515805281938,0,0.0,0.0,0.16112515805281938,0,0.0,0.0,0.16112515805281938,0,0.0,0.0,0.16112515805281938,0,0.0,0.0,0.16112515805281938,0,0.0,0.0,0.16112515805281938,0,0.0,0.0,0.16112515805281938,0,0.0,0.0,0.16112515805281938
image,B2_training_state,interaction_increment,0.3,0.2,20,20,1.0,2,0.1,0.027866481213768224,0.3010336452284873,2,0.1,0.027866481213768224,0.3010336452284873,8,0.4,0.21880653237281705,0.6134184992377469,8,0.4,0.21880653237281705,0.6134184992377469,3,0.15,0.052368745896216595,0.36041886474075696,3,0.15,0.052368745896216595,0.36041886474075696,2,0.1,0.027866481213768224,0.3010336452284873,2,0.1,0.027866481213768224,0.3010336452284873,4,0.2,0.08065766257979806,0.41601743225189364,4,0.2,0.08065766257979806,0.41601743225189364
image,B2_training_state,interaction_increment,0.3,0.35,20,20,1.0,7,0.35,0.18119182410108206,0.5671457233147638,7,0.35,0.18119182410108206,0.5671457233147638,13,0.65,0.43285427668523624,0.818808175898918,13,0.65,0.43285427668523624,0.818808175898918,9,0.45,0.2581978582556243,0.6579146575496577,9,0.45,0.2581978582556243,0.6579146575496577,8,0.4,0.21880653237281705,0.6134184992377469,8,0.4,0.21880653237281705,0.6134184992377469,9,0.45,0.2581978582556243,0.6579146575496577,9,0.45,0.2581978582556243,0.6579146575496577
image,B2_training_state,interaction_increment,0.3,0.5,20,20,1.0,11,0.55,0.34208534245034233,0.7418021417443759,11,0.55,0.34208534245034233,0.7418021417443759,15,0.75,0.531299122381256,0.8881382985923343,15,0.75,0.531299122381256,0.8881382985923343,14,0.7,0.4810271816464765,0.8545227551323956,14,0.7,0.4810271816464765,0.8545227551323956,12,0.6,0.3865815007622531,0.781193467627183,12,0.6,0.3865815007622531,0.781193467627183,13,0.65,0.43285427668523624,0.818808175898918,13,0.65,0.43285427668523624,0.818808175898918
image,B2_training_state,interaction_increment,0.8,0.2,20,20,1.0,8,0.4,0.21880653237281705,0.6134184992377469,8,0.4,0.21880653237281705,0.6134184992377469,11,0.55,0.34208534245034233,0.7418021417443759,11,0.55,0.34208534245034233,0.7418021417443759,9,0.45,0.2581978582556243,0.6579146575496577,9,0.45,0.2581978582556243,0.6579146575496577,8,0.4,0.21880653237281705,0.6134184992377469,8,0.4,0.21880653237281705,0.6134184992377469,8,0.4,0.21880653237281705,0.6134184992377469,8,0.4,0.21880653237281705,0.6134184992377469
image,B2_training_state,interaction_increment,0.8,0.35,20,20,1.0,11,0.55,0.34208534245034233,0.7418021417443759,11,0.55,0.34208534245034233,0.7418021417443759,17,0.85,0.6395811352592431,0.9476312541037835,17,0.85,0.6395811352592431,0.9476312541037835,12,0.6,0.3865815007622531,0.781193467627183,12,0.6,0.3865815007622531,0.781193467627183,9,0.45,0.2581978582556243,0.6579146575496577,9,0.45,0.2581978582556243,0.6579146575496577,16,0.8,0.5839825677481064,0.919342337420202,16,0.8,0.5839825677481064,0.919342337420202
image,B2_training_state,interaction_increment,0.8,0.5,20,20,1.0,17,0.85,0.6395811352592431,0.9476312541037835,17,0.85,0.6395811352592431,0.9476312541037835,19,0.95,0.763868806553258,0.9911185511992047,19,0.95,0.763868806553258,0.9911185511992047,18,0.9,0.6989663547715128,0.9721335187862319,18,0.9,0.6989663547715128,0.9721335187862319,18,0.9,0.6989663547715128,0.9721335187862319,18,0.9,0.6989663547715128,0.9721335187862319,19,0.95,0.763868806553258,0.9911185511992047,19,0.95,0.763868806553258,0.9911185511992047
image,B2_training_state,interaction_proxy_null,0.3,0.0,20,20,1.0,0,0.0,0.0,0.16112515805281938,0,0.0,0.0,0.16112515805281938,2,0.1,0.027866481213768224,0.3010336452284873,2,0.1,0.027866481213768224,0.3010336452284873,1,0.05,0.008881448800795402,0.23613119344674205,1,0.05,0.008881448800795402,0.23613119344674205,1,0.05,0.008881448800795402,0.23613119344674205,1,0.05,0.008881448800795402,0.23613119344674205,2,0.1,0.027866481213768224,0.3010336452284873,2,0.1,0.027866481213768224,0.3010336452284873
image,B2_training_state,interaction_proxy_null,0.8,0.0,20,20,1.0,2,0.1,0.027866481213768224,0.3010336452284873,2,0.1,0.027866481213768224,0.3010336452284873,3,0.15,0.052368745896216595,0.36041886474075696,3,0.15,0.052368745896216595,0.36041886474075696,3,0.15,0.052368745896216595,0.36041886474075696,3,0.15,0.052368745896216595,0.36041886474075696,3,0.15,0.052368745896216595,0.36041886474075696,3,0.15,0.052368745896216595,0.36041886474075696,3,0.15,0.052368745896216595,0.36041886474075696,3,0.15,0.052368745896216595,0.36041886474075696
image,B2_training_state,nonlinear_proxy_null,0.3,0.0,20,20,1.0,0,0.0,0.0,0.16112515805281938,0,0.0,0.0,0.16112515805281938,0,0.0,0.0,0.16112515805281938,0,0.0,0.0,0.16112515805281938,0,0.0,0.0,0.16112515805281938,0,0.0,0.0,0.16112515805281938,0,0.0,0.0,0.16112515805281938,0,0.0,0.0,0.16112515805281938,0,0.0,0.0,0.16112515805281938,0,0.0,0.0,0.16112515805281938
image,B2_training_state,nonlinear_proxy_null,0.8,0.0,20,20,1.0,0,0.0,0.0,0.16112515805281938,0,0.0,0.0,0.16112515805281938,1,0.05,0.008881448800795402,0.23613119344674205,1,0.05,0.008881448800795402,0.23613119344674205,0,0.0,0.0,0.16112515805281938,0,0.0,0.0,0.16112515805281938,0,0.0,0.0,0.16112515805281938,0,0.0,0.0,0.16112515805281938,0,0.0,0.0,0.16112515805281938,0,0.0,0.0,0.16112515805281938
image,B3_validation,additive_proxy_null,0.3,0.0,20,20,1.0,0,0.0,0.0,0.16112515805281938,0,0.0,0.0,0.16112515805281938,0,0.0,0.0,0.16112515805281938,0,0.0,0.0,0.16112515805281938,0,0.0,0.0,0.16112515805281938,0,0.0,0.0,0.16112515805281938,0,0.0,0.0,0.16112515805281938,0,0.0,0.0,0.16112515805281938,0,0.0,0.0,0.16112515805281938,0,0.0,0.0,0.16112515805281938
image,B3_validation,additive_proxy_null,0.8,0.0,20,20,1.0,0,0.0,0.0,0.16112515805281938,0,0.0,0.0,0.16112515805281938,1,0.05,0.008881448800795402,0.23613119344674205,1,0.05,0.008881448800795402,0.23613119344674205,1,0.05,0.008881448800795402,0.23613119344674205,1,0.05,0.008881448800795402,0.23613119344674205,0,0.0,0.0,0.16112515805281938,0,0.0,0.0,0.16112515805281938,0,0.0,0.0,0.16112515805281938,0,0.0,0.0,0.16112515805281938
image,B3_validation,heteroskedastic_proxy_null,0.3,0.0,20,20,1.0,0,0.0,0.0,0.16112515805281938,0,0.0,0.0,0.16112515805281938,1,0.05,0.008881448800795402,0.23613119344674205,1,0.05,0.008881448800795402,0.23613119344674205,1,0.05,0.008881448800795402,0.23613119344674205,1,0.05,0.008881448800795402,0.23613119344674205,0,0.0,0.0,0.16112515805281938,0,0.0,0.0,0.16112515805281938,0,0.0,0.0,0.16112515805281938,0,0.0,0.0,0.16112515805281938
image,B3_validation,heteroskedastic_proxy_null,0.8,0.0,20,20,1.0,2,0.1,0.027866481213768224,0.3010336452284873,2,0.1,0.027866481213768224,0.3010336452284873,4,0.2,0.08065766257979806,0.41601743225189364,4,0.2,0.08065766257979806,0.41601743225189364,3,0.15,0.052368745896216595,0.36041886474075696,3,0.15,0.052368745896216595,0.36041886474075696,2,0.1,0.027866481213768224,0.3010336452284873,2,0.1,0.027866481213768224,0.3010336452284873,2,0.1,0.027866481213768224,0.3010336452284873,2,0.1,0.027866481213768224,0.3010336452284873
image,B3_validation,independent_null,0.3,0.0,20,20,1.0,0,0.0,0.0,0.16112515805281938,0,0.0,0.0,0.16112515805281938,1,0.05,0.008881448800795402,0.23613119344674205,1,0.05,0.008881448800795402,0.23613119344674205,0,0.0,0.0,0.16112515805281938,0,0.0,0.0,0.16112515805281938,0,0.0,0.0,0.16112515805281938,0,0.0,0.0,0.16112515805281938,0,0.0,0.0,0.16112515805281938,0,0.0,0.0,0.16112515805281938
image,B3_validation,independent_null,0.8,0.0,20,20,1.0,0,0.0,0.0,0.16112515805281938,0,0.0,0.0,0.16112515805281938,0,0.0,0.0,0.16112515805281938,0,0.0,0.0,0.16112515805281938,0,0.0,0.0,0.16112515805281938,0,0.0,0.0,0.16112515805281938,0,0.0,0.0,0.16112515805281938,0,0.0,0.0,0.16112515805281938,0,0.0,0.0,0.16112515805281938,0,0.0,0.0,0.16112515805281938
image,B3_validation,interaction_increment,0.3,0.2,20,20,1.0,1,0.05,0.008881448800795402,0.23613119344674205,1,0.05,0.008881448800795402,0.23613119344674205,9,0.45,0.2581978582556243,0.6579146575496577,9,0.45,0.2581978582556243,0.6579146575496577,5,0.25,0.11186170140766569,0.468700877618744,5,0.25,0.11186170140766569,0.468700877618744,4,0.2,0.08065766257979806,0.41601743225189364,4,0.2,0.08065766257979806,0.41601743225189364,4,0.2,0.08065766257979806,0.41601743225189364,4,0.2,0.08065766257979806,0.41601743225189364
image,B3_validation,interaction_increment,0.3,0.35,20,20,1.0,10,0.5,0.2992980081982123,0.7007019918017877,10,0.5,0.2992980081982123,0.7007019918017877,15,0.75,0.531299122381256,0.8881382985923343,15,0.75,0.531299122381256,0.8881382985923343,11,0.55,0.34208534245034233,0.7418021417443759,11,0.55,0.34208534245034233,0.7418021417443759,8,0.4,0.21880653237281705,0.6134184992377469,8,0.4,0.21880653237281705,0.6134184992377469,12,0.6,0.3865815007622531,0.781193467627183,12,0.6,0.3865815007622531,0.781193467627183
image,B3_validation,interaction_increment,0.3,0.5,20,20,1.0,11,0.55,0.34208534245034233,0.7418021417443759,11,0.55,0.34208534245034233,0.7418021417443759,16,0.8,0.5839825677481064,0.919342337420202,16,0.8,0.5839825677481064,0.919342337420202,15,0.75,0.531299122381256,0.8881382985923343,15,0.75,0.531299122381256,0.8881382985923343,9,0.45,0.2581978582556243,0.6579146575496577,9,0.45,0.2581978582556243,0.6579146575496577,14,0.7,0.4810271816464765,0.8545227551323956,14,0.7,0.4810271816464765,0.8545227551323956
image,B3_validation,interaction_increment,0.8,0.2,20,20,1.0,6,0.3,0.1454772448676043,0.5189728183535235,6,0.3,0.1454772448676043,0.5189728183535235,9,0.45,0.2581978582556243,0.6579146575496577,9,0.45,0.2581978582556243,0.6579146575496577,7,0.35,0.18119182410108206,0.5671457233147638,7,0.35,0.18119182410108206,0.5671457233147638,6,0.3,0.1454772448676043,0.5189728183535235,6,0.3,0.1454772448676043,0.5189728183535235,7,0.35,0.18119182410108206,0.5671457233147638,7,0.35,0.18119182410108206,0.5671457233147638
image,B3_validation,interaction_increment,0.8,0.35,20,20,1.0,10,0.5,0.2992980081982123,0.7007019918017877,10,0.5,0.2992980081982123,0.7007019918017877,16,0.8,0.5839825677481064,0.919342337420202,16,0.8,0.5839825677481064,0.919342337420202,15,0.75,0.531299122381256,0.8881382985923343,15,0.75,0.531299122381256,0.8881382985923343,13,0.65,0.43285427668523624,0.818808175898918,13,0.65,0.43285427668523624,0.818808175898918,16,0.8,0.5839825677481064,0.919342337420202,16,0.8,0.5839825677481064,0.919342337420202
image,B3_validation,interaction_increment,0.8,0.5,20,20,1.0,17,0.85,0.6395811352592431,0.9476312541037835,17,0.85,0.6395811352592431,0.9476312541037835,19,0.95,0.763868806553258,0.9911185511992047,19,0.95,0.763868806553258,0.9911185511992047,19,0.95,0.763868806553258,0.9911185511992047,19,0.95,0.763868806553258,0.9911185511992047,17,0.85,0.6395811352592431,0.9476312541037835,17,0.85,0.6395811352592431,0.9476312541037835,19,0.95,0.763868806553258,0.9911185511992047,19,0.95,0.763868806553258,0.9911185511992047
image,B3_validation,interaction_proxy_null,0.3,0.0,20,20,1.0,0,0.0,0.0,0.16112515805281938,0,0.0,0.0,0.16112515805281938,4,0.2,0.08065766257979806,0.41601743225189364,4,0.2,0.08065766257979806,0.41601743225189364,1,0.05,0.008881448800795402,0.23613119344674205,1,0.05,0.008881448800795402,0.23613119344674205,0,0.0,0.0,0.16112515805281938,0,0.0,0.0,0.16112515805281938,1,0.05,0.008881448800795402,0.23613119344674205,1,0.05,0.008881448800795402,0.23613119344674205
image,B3_validation,interaction_proxy_null,0.8,0.0,20,20,1.0,3,0.15,0.052368745896216595,0.36041886474075696,3,0.15,0.052368745896216595,0.36041886474075696,5,0.25,0.11186170140766569,0.468700877618744,5,0.25,0.11186170140766569,0.468700877618744,3,0.15,0.052368745896216595,0.36041886474075696,3,0.15,0.052368745896216595,0.36041886474075696,2,0.1,0.027866481213768224,0.3010336452284873,2,0.1,0.027866481213768224,0.3010336452284873,4,0.2,0.08065766257979806,0.41601743225189364,4,0.2,0.08065766257979806,0.41601743225189364
image,B3_validation,nonlinear_proxy_null,0.3,0.0,20,20,1.0,0,0.0,0.0,0.16112515805281938,0,0.0,0.0,0.16112515805281938,0,0.0,0.0,0.16112515805281938,0,0.0,0.0,0.16112515805281938,0,0.0,0.0,0.16112515805281938,0,0.0,0.0,0.16112515805281938,0,0.0,0.0,0.16112515805281938,0,0.0,0.0,0.16112515805281938,0,0.0,0.0,0.16112515805281938,0,0.0,0.0,0.16112515805281938
image,B3_validation,nonlinear_proxy_null,0.8,0.0,20,20,1.0,0,0.0,0.0,0.16112515805281938,0,0.0,0.0,0.16112515805281938,2,0.1,0.027866481213768224,0.3010336452284873,1,0.05,0.008881448800795402,0.23613119344674205,2,0.1,0.027866481213768224,0.3010336452284873,1,0.05,0.008881448800795402,0.23613119344674205,0,0.0,0.0,0.16112515805281938,0,0.0,0.0,0.16112515805281938,1,0.05,0.008881448800795402,0.23613119344674205,1,0.05,0.008881448800795402,0.23613119344674205
text,B1_design,additive_proxy_null,0.3,0.0,20,20,1.0,0,0.0,0.0,0.16112515805281938,0,0.0,0.0,0.16112515805281938,1,0.05,0.008881448800795402,0.23613119344674205,1,0.05,0.008881448800795402,0.23613119344674205,0,0.0,0.0,0.16112515805281938,0,0.0,0.0,0.16112515805281938,0,0.0,0.0,0.16112515805281938,0,0.0,0.0,0.16112515805281938,0,0.0,0.0,0.16112515805281938,0,0.0,0.0,0.16112515805281938
text,B1_design,additive_proxy_null,0.8,0.0,20,20,1.0,0,0.0,0.0,0.16112515805281938,0,0.0,0.0,0.16112515805281938,0,0.0,0.0,0.16112515805281938,0,0.0,0.0,0.16112515805281938,0,0.0,0.0,0.16112515805281938,0,0.0,0.0,0.16112515805281938,0,0.0,0.0,0.16112515805281938,0,0.0,0.0,0.16112515805281938,0,0.0,0.0,0.16112515805281938,0,0.0,0.0,0.16112515805281938
text,B1_design,heteroskedastic_proxy_null,0.3,0.0,20,20,1.0,5,0.25,0.11186170140766569,0.468700877618744,5,0.25,0.11186170140766569,0.468700877618744,6,0.3,0.1454772448676043,0.5189728183535235,6,0.3,0.1454772448676043,0.5189728183535235,5,0.25,0.11186170140766569,0.468700877618744,5,0.25,0.11186170140766569,0.468700877618744,3,0.15,0.052368745896216595,0.36041886474075696,3,0.15,0.052368745896216595,0.36041886474075696,5,0.25,0.11186170140766569,0.468700877618744,5,0.25,0.11186170140766569,0.468700877618744
text,B1_design,heteroskedastic_proxy_null,0.8,0.0,20,20,1.0,1,0.05,0.008881448800795402,0.23613119344674205,1,0.05,0.008881448800795402,0.23613119344674205,4,0.2,0.08065766257979806,0.41601743225189364,4,0.2,0.08065766257979806,0.41601743225189364,1,0.05,0.008881448800795402,0.23613119344674205,1,0.05,0.008881448800795402,0.23613119344674205,0,0.0,0.0,0.16112515805281938,0,0.0,0.0,0.16112515805281938,1,0.05,0.008881448800795402,0.23613119344674205,1,0.05,0.008881448800795402,0.23613119344674205
text,B1_design,independent_null,0.3,0.0,20,20,1.0,1,0.05,0.008881448800795402,0.23613119344674205,0,0.0,0.0,0.16112515805281938,1,0.05,0.008881448800795402,0.23613119344674205,0,0.0,0.0,0.16112515805281938,0,0.0,0.0,0.16112515805281938,0,0.0,0.0,0.16112515805281938,0,0.0,0.0,0.16112515805281938,0,0.0,0.0,0.16112515805281938,0,0.0,0.0,0.16112515805281938,0,0.0,0.0,0.16112515805281938
text,B1_design,independent_null,0.8,0.0,20,20,1.0,0,0.0,0.0,0.16112515805281938,0,0.0,0.0,0.16112515805281938,0,0.0,0.0,0.16112515805281938,0,0.0,0.0,0.16112515805281938,0,0.0,0.0,0.16112515805281938,0,0.0,0.0,0.16112515805281938,0,0.0,0.0,0.16112515805281938,0,0.0,0.0,0.16112515805281938,0,0.0,0.0,0.16112515805281938,0,0.0,0.0,0.16112515805281938
text,B1_design,interaction_increment,0.3,0.2,20,20,1.0,3,0.15,0.052368745896216595,0.36041886474075696,3,0.15,0.052368745896216595,0.36041886474075696,8,0.4,0.21880653237281705,0.6134184992377469,8,0.4,0.21880653237281705,0.6134184992377469,4,0.2,0.08065766257979806,0.41601743225189364,4,0.2,0.08065766257979806,0.41601743225189364,2,0.1,0.027866481213768224,0.3010336452284873,2,0.1,0.027866481213768224,0.3010336452284873,5,0.25,0.11186170140766569,0.468700877618744,5,0.25,0.11186170140766569,0.468700877618744
text,B1_design,interaction_increment,0.3,0.35,20,20,1.0,4,0.2,0.08065766257979806,0.41601743225189364,4,0.2,0.08065766257979806,0.41601743225189364,9,0.45,0.2581978582556243,0.6579146575496577,9,0.45,0.2581978582556243,0.6579146575496577,7,0.35,0.18119182410108206,0.5671457233147638,7,0.35,0.18119182410108206,0.5671457233147638,6,0.3,0.1454772448676043,0.5189728183535235,6,0.3,0.1454772448676043,0.5189728183535235,7,0.35,0.18119182410108206,0.5671457233147638,7,0.35,0.18119182410108206,0.5671457233147638
text,B1_design,interaction_increment,0.3,0.5,20,20,1.0,4,0.2,0.08065766257979806,0.41601743225189364,4,0.2,0.08065766257979806,0.41601743225189364,14,0.7,0.4810271816464765,0.8545227551323956,14,0.7,0.4810271816464765,0.8545227551323956,12,0.6,0.3865815007622531,0.781193467627183,12,0.6,0.3865815007622531,0.781193467627183,7,0.35,0.18119182410108206,0.5671457233147638,7,0.35,0.18119182410108206,0.5671457233147638,8,0.4,0.21880653237281705,0.6134184992377469,8,0.4,0.21880653237281705,0.6134184992377469
text,B1_design,interaction_increment,0.8,0.2,20,20,1.0,2,0.1,0.027866481213768224,0.3010336452284873,2,0.1,0.027866481213768224,0.3010336452284873,9,0.45,0.2581978582556243,0.6579146575496577,9,0.45,0.2581978582556243,0.6579146575496577,4,0.2,0.08065766257979806,0.41601743225189364,4,0.2,0.08065766257979806,0.41601743225189364,1,0.05,0.008881448800795402,0.23613119344674205,1,0.05,0.008881448800795402,0.23613119344674205,3,0.15,0.052368745896216595,0.36041886474075696,3,0.15,0.052368745896216595,0.36041886474075696
text,B1_design,interaction_increment,0.8,0.35,20,20,1.0,5,0.25,0.11186170140766569,0.468700877618744,5,0.25,0.11186170140766569,0.468700877618744,12,0.6,0.3865815007622531,0.781193467627183,12,0.6,0.3865815007622531,0.781193467627183,10,0.5,0.2992980081982123,0.7007019918017877,10,0.5,0.2992980081982123,0.7007019918017877,5,0.25,0.11186170140766569,0.468700877618744,5,0.25,0.11186170140766569,0.468700877618744,10,0.5,0.2992980081982123,0.7007019918017877,10,0.5,0.2992980081982123,0.7007019918017877
text,B1_design,interaction_increment,0.8,0.5,20,20,1.0,9,0.45,0.2581978582556243,0.6579146575496577,9,0.45,0.2581978582556243,0.6579146575496577,18,0.9,0.6989663547715128,0.9721335187862319,18,0.9,0.6989663547715128,0.9721335187862319,14,0.7,0.4810271816464765,0.8545227551323956,14,0.7,0.4810271816464765,0.8545227551323956,9,0.45,0.2581978582556243,0.6579146575496577,9,0.45,0.2581978582556243,0.6579146575496577,12,0.6,0.3865815007622531,0.781193467627183,12,0.6,0.3865815007622531,0.781193467627183
text,B1_design,interaction_proxy_null,0.3,0.0,20,20,1.0,1,0.05,0.008881448800795402,0.23613119344674205,1,0.05,0.008881448800795402,0.23613119344674205,2,0.1,0.027866481213768224,0.3010336452284873,2,0.1,0.027866481213768224,0.3010336452284873,1,0.05,0.008881448800795402,0.23613119344674205,1,0.05,0.008881448800795402,0.23613119344674205,1,0.05,0.008881448800795402,0.23613119344674205,1,0.05,0.008881448800795402,0.23613119344674205,1,0.05,0.008881448800795402,0.23613119344674205,1,0.05,0.008881448800795402,0.23613119344674205
text,B1_design,interaction_proxy_null,0.8,0.0,20,20,1.0,2,0.1,0.027866481213768224,0.3010336452284873,2,0.1,0.027866481213768224,0.3010336452284873,2,0.1,0.027866481213768224,0.3010336452284873,2,0.1,0.027866481213768224,0.3010336452284873,2,0.1,0.027866481213768224,0.3010336452284873,2,0.1,0.027866481213768224,0.3010336452284873,2,0.1,0.027866481213768224,0.3010336452284873,2,0.1,0.027866481213768224,0.3010336452284873,2,0.1,0.027866481213768224,0.3010336452284873,2,0.1,0.027866481213768224,0.3010336452284873
text,B1_design,nonlinear_proxy_null,0.3,0.0,20,20,1.0,0,0.0,0.0,0.16112515805281938,0,0.0,0.0,0.16112515805281938,2,0.1,0.027866481213768224,0.3010336452284873,2,0.1,0.027866481213768224,0.3010336452284873,1,0.05,0.008881448800795402,0.23613119344674205,1,0.05,0.008881448800795402,0.23613119344674205,0,0.0,0.0,0.16112515805281938,0,0.0,0.0,0.16112515805281938,1,0.05,0.008881448800795402,0.23613119344674205,1,0.05,0.008881448800795402,0.23613119344674205
text,B1_design,nonlinear_proxy_null,0.8,0.0,20,20,1.0,0,0.0,0.0,0.16112515805281938,0,0.0,0.0,0.16112515805281938,0,0.0,0.0,0.16112515805281938,0,0.0,0.0,0.16112515805281938,0,0.0,0.0,0.16112515805281938,0,0.0,0.0,0.16112515805281938,0,0.0,0.0,0.16112515805281938,0,0.0,0.0,0.16112515805281938,0,0.0,0.0,0.16112515805281938,0,0.0,0.0,0.16112515805281938
text,B2_training_state,additive_proxy_null,0.3,0.0,20,20,1.0,0,0.0,0.0,0.16112515805281938,0,0.0,0.0,0.16112515805281938,0,0.0,0.0,0.16112515805281938,0,0.0,0.0,0.16112515805281938,0,0.0,0.0,0.16112515805281938,0,0.0,0.0,0.16112515805281938,0,0.0,0.0,0.16112515805281938,0,0.0,0.0,0.16112515805281938,0,0.0,0.0,0.16112515805281938,0,0.0,0.0,0.16112515805281938
text,B2_training_state,additive_proxy_null,0.8,0.0,20,20,1.0,0,0.0,0.0,0.16112515805281938,0,0.0,0.0,0.16112515805281938,1,0.05,0.008881448800795402,0.23613119344674205,0,0.0,0.0,0.16112515805281938,0,0.0,0.0,0.16112515805281938,0,0.0,0.0,0.16112515805281938,0,0.0,0.0,0.16112515805281938,0,0.0,0.0,0.16112515805281938,0,0.0,0.0,0.16112515805281938,0,0.0,0.0,0.16112515805281938
text,B2_training_state,heteroskedastic_proxy_null,0.3,0.0,20,20,1.0,3,0.15,0.052368745896216595,0.36041886474075696,3,0.15,0.052368745896216595,0.36041886474075696,6,0.3,0.1454772448676043,0.5189728183535235,6,0.3,0.1454772448676043,0.5189728183535235,4,0.2,0.08065766257979806,0.41601743225189364,4,0.2,0.08065766257979806,0.41601743225189364,2,0.1,0.027866481213768224,0.3010336452284873,2,0.1,0.027866481213768224,0.3010336452284873,4,0.2,0.08065766257979806,0.41601743225189364,4,0.2,0.08065766257979806,0.41601743225189364
text,B2_training_state,heteroskedastic_proxy_null,0.8,0.0,20,20,1.0,0,0.0,0.0,0.16112515805281938,0,0.0,0.0,0.16112515805281938,2,0.1,0.027866481213768224,0.3010336452284873,2,0.1,0.027866481213768224,0.3010336452284873,2,0.1,0.027866481213768224,0.3010336452284873,2,0.1,0.027866481213768224,0.3010336452284873,1,0.05,0.008881448800795402,0.23613119344674205,1,0.05,0.008881448800795402,0.23613119344674205,2,0.1,0.027866481213768224,0.3010336452284873,2,0.1,0.027866481213768224,0.3010336452284873
text,B2_training_state,independent_null,0.3,0.0,20,20,1.0,0,0.0,0.0,0.16112515805281938,0,0.0,0.0,0.16112515805281938,0,0.0,0.0,0.16112515805281938,0,0.0,0.0,0.16112515805281938,0,0.0,0.0,0.16112515805281938,0,0.0,0.0,0.16112515805281938,0,0.0,0.0,0.16112515805281938,0,0.0,0.0,0.16112515805281938,0,0.0,0.0,0.16112515805281938,0,0.0,0.0,0.16112515805281938
text,B2_training_state,independent_null,0.8,0.0,20,20,1.0,0,0.0,0.0,0.16112515805281938,0,0.0,0.0,0.16112515805281938,0,0.0,0.0,0.16112515805281938,0,0.0,0.0,0.16112515805281938,0,0.0,0.0,0.16112515805281938,0,0.0,0.0,0.16112515805281938,0,0.0,0.0,0.16112515805281938,0,0.0,0.0,0.16112515805281938,0,0.0,0.0,0.16112515805281938,0,0.0,0.0,0.16112515805281938
text,B2_training_state,interaction_increment,0.3,0.2,20,20,1.0,3,0.15,0.052368745896216595,0.36041886474075696,3,0.15,0.052368745896216595,0.36041886474075696,8,0.4,0.21880653237281705,0.6134184992377469,8,0.4,0.21880653237281705,0.6134184992377469,4,0.2,0.08065766257979806,0.41601743225189364,4,0.2,0.08065766257979806,0.41601743225189364,2,0.1,0.027866481213768224,0.3010336452284873,2,0.1,0.027866481213768224,0.3010336452284873,4,0.2,0.08065766257979806,0.41601743225189364,4,0.2,0.08065766257979806,0.41601743225189364
text,B2_training_state,interaction_increment,0.3,0.35,20,20,1.0,2,0.1,0.027866481213768224,0.3010336452284873,2,0.1,0.027866481213768224,0.3010336452284873,8,0.4,0.21880653237281705,0.6134184992377469,8,0.4,0.21880653237281705,0.6134184992377469,7,0.35,0.18119182410108206,0.5671457233147638,7,0.35,0.18119182410108206,0.5671457233147638,3,0.15,0.052368745896216595,0.36041886474075696,3,0.15,0.052368745896216595,0.36041886474075696,5,0.25,0.11186170140766569,0.468700877618744,5,0.25,0.11186170140766569,0.468700877618744
text,B2_training_state,interaction_increment,0.3,0.5,20,20,1.0,5,0.25,0.11186170140766569,0.468700877618744,5,0.25,0.11186170140766569,0.468700877618744,12,0.6,0.3865815007622531,0.781193467627183,12,0.6,0.3865815007622531,0.781193467627183,10,0.5,0.2992980081982123,0.7007019918017877,10,0.5,0.2992980081982123,0.7007019918017877,7,0.35,0.18119182410108206,0.5671457233147638,7,0.35,0.18119182410108206,0.5671457233147638,8,0.4,0.21880653237281705,0.6134184992377469,8,0.4,0.21880653237281705,0.6134184992377469
text,B2_training_state,interaction_increment,0.8,0.2,20,20,1.0,0,0.0,0.0,0.16112515805281938,0,0.0,0.0,0.16112515805281938,4,0.2,0.08065766257979806,0.41601743225189364,4,0.2,0.08065766257979806,0.41601743225189364,2,0.1,0.027866481213768224,0.3010336452284873,2,0.1,0.027866481213768224,0.3010336452284873,0,0.0,0.0,0.16112515805281938,0,0.0,0.0,0.16112515805281938,0,0.0,0.0,0.16112515805281938,0,0.0,0.0,0.16112515805281938
text,B2_training_state,interaction_increment,0.8,0.35,20,20,1.0,2,0.1,0.027866481213768224,0.3010336452284873,2,0.1,0.027866481213768224,0.3010336452284873,9,0.45,0.2581978582556243,0.6579146575496577,9,0.45,0.2581978582556243,0.6579146575496577,7,0.35,0.18119182410108206,0.5671457233147638,7,0.35,0.18119182410108206,0.5671457233147638,4,0.2,0.08065766257979806,0.41601743225189364,4,0.2,0.08065766257979806,0.41601743225189364,7,0.35,0.18119182410108206,0.5671457233147638,7,0.35,0.18119182410108206,0.5671457233147638
text,B2_training_state,interaction_increment,0.8,0.5,20,20,1.0,9,0.45,0.2581978582556243,0.6579146575496577,9,0.45,0.2581978582556243,0.6579146575496577,18,0.9,0.6989663547715128,0.9721335187862319,18,0.9,0.6989663547715128,0.9721335187862319,16,0.8,0.5839825677481064,0.919342337420202,16,0.8,0.5839825677481064,0.919342337420202,10,0.5,0.2992980081982123,0.7007019918017877,10,0.5,0.2992980081982123,0.7007019918017877,14,0.7,0.4810271816464765,0.8545227551323956,14,0.7,0.4810271816464765,0.8545227551323956
text,B2_training_state,interaction_proxy_null,0.3,0.0,20,20,1.0,2,0.1,0.027866481213768224,0.3010336452284873,2,0.1,0.027866481213768224,0.3010336452284873,3,0.15,0.052368745896216595,0.36041886474075696,3,0.15,0.052368745896216595,0.36041886474075696,2,0.1,0.027866481213768224,0.3010336452284873,2,0.1,0.027866481213768224,0.3010336452284873,1,0.05,0.008881448800795402,0.23613119344674205,1,0.05,0.008881448800795402,0.23613119344674205,2,0.1,0.027866481213768224,0.3010336452284873,2,0.1,0.027866481213768224,0.3010336452284873
text,B2_training_state,interaction_proxy_null,0.8,0.0,20,20,1.0,0,0.0,0.0,0.16112515805281938,0,0.0,0.0,0.16112515805281938,1,0.05,0.008881448800795402,0.23613119344674205,1,0.05,0.008881448800795402,0.23613119344674205,1,0.05,0.008881448800795402,0.23613119344674205,1,0.05,0.008881448800795402,0.23613119344674205,1,0.05,0.008881448800795402,0.23613119344674205,1,0.05,0.008881448800795402,0.23613119344674205,2,0.1,0.027866481213768224,0.3010336452284873,2,0.1,0.027866481213768224,0.3010336452284873
text,B2_training_state,nonlinear_proxy_null,0.3,0.0,20,20,1.0,0,0.0,0.0,0.16112515805281938,0,0.0,0.0,0.16112515805281938,2,0.1,0.027866481213768224,0.3010336452284873,2,0.1,0.027866481213768224,0.3010336452284873,2,0.1,0.027866481213768224,0.3010336452284873,2,0.1,0.027866481213768224,0.3010336452284873,1,0.05,0.008881448800795402,0.23613119344674205,1,0.05,0.008881448800795402,0.23613119344674205,2,0.1,0.027866481213768224,0.3010336452284873,2,0.1,0.027866481213768224,0.3010336452284873
text,B2_training_state,nonlinear_proxy_null,0.8,0.0,20,20,1.0,0,0.0,0.0,0.16112515805281938,0,0.0,0.0,0.16112515805281938,0,0.0,0.0,0.16112515805281938,0,0.0,0.0,0.16112515805281938,0,0.0,0.0,0.16112515805281938,0,0.0,0.0,0.16112515805281938,0,0.0,0.0,0.16112515805281938,0,0.0,0.0,0.16112515805281938,0,0.0,0.0,0.16112515805281938,0,0.0,0.0,0.16112515805281938
text,B3_validation,additive_proxy_null,0.3,0.0,20,20,1.0,0,0.0,0.0,0.16112515805281938,0,0.0,0.0,0.16112515805281938,0,0.0,0.0,0.16112515805281938,0,0.0,0.0,0.16112515805281938,0,0.0,0.0,0.16112515805281938,0,0.0,0.0,0.16112515805281938,0,0.0,0.0,0.16112515805281938,0,0.0,0.0,0.16112515805281938,0,0.0,0.0,0.16112515805281938,0,0.0,0.0,0.16112515805281938
text,B3_validation,additive_proxy_null,0.8,0.0,20,20,1.0,0,0.0,0.0,0.16112515805281938,0,0.0,0.0,0.16112515805281938,1,0.05,0.008881448800795402,0.23613119344674205,1,0.05,0.008881448800795402,0.23613119344674205,0,0.0,0.0,0.16112515805281938,0,0.0,0.0,0.16112515805281938,0,0.0,0.0,0.16112515805281938,0,0.0,0.0,0.16112515805281938,0,0.0,0.0,0.16112515805281938,0,0.0,0.0,0.16112515805281938
text,B3_validation,heteroskedastic_proxy_null,0.3,0.0,20,20,1.0,2,0.1,0.027866481213768224,0.3010336452284873,2,0.1,0.027866481213768224,0.3010336452284873,7,0.35,0.18119182410108206,0.5671457233147638,7,0.35,0.18119182410108206,0.5671457233147638,4,0.2,0.08065766257979806,0.41601743225189364,4,0.2,0.08065766257979806,0.41601743225189364,3,0.15,0.052368745896216595,0.36041886474075696,3,0.15,0.052368745896216595,0.36041886474075696,4,0.2,0.08065766257979806,0.41601743225189364,4,0.2,0.08065766257979806,0.41601743225189364
text,B3_validation,heteroskedastic_proxy_null,0.8,0.0,20,20,1.0,0,0.0,0.0,0.16112515805281938,0,0.0,0.0,0.16112515805281938,2,0.1,0.027866481213768224,0.3010336452284873,2,0.1,0.027866481213768224,0.3010336452284873,0,0.0,0.0,0.16112515805281938,0,0.0,0.0,0.16112515805281938,0,0.0,0.0,0.16112515805281938,0,0.0,0.0,0.16112515805281938,0,0.0,0.0,0.16112515805281938,0,0.0,0.0,0.16112515805281938
text,B3_validation,independent_null,0.3,0.0,20,20,1.0,0,0.0,0.0,0.16112515805281938,0,0.0,0.0,0.16112515805281938,1,0.05,0.008881448800795402,0.23613119344674205,0,0.0,0.0,0.16112515805281938,1,0.05,0.008881448800795402,0.23613119344674205,0,0.0,0.0,0.16112515805281938,0,0.0,0.0,0.16112515805281938,0,0.0,0.0,0.16112515805281938,1,0.05,0.008881448800795402,0.23613119344674205,0,0.0,0.0,0.16112515805281938
text,B3_validation,independent_null,0.8,0.0,20,20,1.0,0,0.0,0.0,0.16112515805281938,0,0.0,0.0,0.16112515805281938,0,0.0,0.0,0.16112515805281938,0,0.0,0.0,0.16112515805281938,0,0.0,0.0,0.16112515805281938,0,0.0,0.0,0.16112515805281938,0,0.0,0.0,0.16112515805281938,0,0.0,0.0,0.16112515805281938,0,0.0,0.0,0.16112515805281938,0,0.0,0.0,0.16112515805281938
text,B3_validation,interaction_increment,0.3,0.2,20,20,1.0,3,0.15,0.052368745896216595,0.36041886474075696,3,0.15,0.052368745896216595,0.36041886474075696,9,0.45,0.2581978582556243,0.6579146575496577,9,0.45,0.2581978582556243,0.6579146575496577,5,0.25,0.11186170140766569,0.468700877618744,5,0.25,0.11186170140766569,0.468700877618744,3,0.15,0.052368745896216595,0.36041886474075696,3,0.15,0.052368745896216595,0.36041886474075696,4,0.2,0.08065766257979806,0.41601743225189364,4,0.2,0.08065766257979806,0.41601743225189364
text,B3_validation,interaction_increment,0.3,0.35,20,20,1.0,3,0.15,0.052368745896216595,0.36041886474075696,3,0.15,0.052368745896216595,0.36041886474075696,9,0.45,0.2581978582556243,0.6579146575496577,9,0.45,0.2581978582556243,0.6579146575496577,8,0.4,0.21880653237281705,0.6134184992377469,8,0.4,0.21880653237281705,0.6134184992377469,3,0.15,0.052368745896216595,0.36041886474075696,3,0.15,0.052368745896216595,0.36041886474075696,6,0.3,0.1454772448676043,0.5189728183535235,6,0.3,0.1454772448676043,0.5189728183535235
text,B3_validation,interaction_increment,0.3,0.5,20,20,1.0,5,0.25,0.11186170140766569,0.468700877618744,5,0.25,0.11186170140766569,0.468700877618744,13,0.65,0.43285427668523624,0.818808175898918,13,0.65,0.43285427668523624,0.818808175898918,11,0.55,0.34208534245034233,0.7418021417443759,11,0.55,0.34208534245034233,0.7418021417443759,7,0.35,0.18119182410108206,0.5671457233147638,7,0.35,0.18119182410108206,0.5671457233147638,11,0.55,0.34208534245034233,0.7418021417443759,11,0.55,0.34208534245034233,0.7418021417443759
text,B3_validation,interaction_increment,0.8,0.2,20,20,1.0,1,0.05,0.008881448800795402,0.23613119344674205,1,0.05,0.008881448800795402,0.23613119344674205,2,0.1,0.027866481213768224,0.3010336452284873,2,0.1,0.027866481213768224,0.3010336452284873,1,0.05,0.008881448800795402,0.23613119344674205,1,0.05,0.008881448800795402,0.23613119344674205,1,0.05,0.008881448800795402,0.23613119344674205,1,0.05,0.008881448800795402,0.23613119344674205,1,0.05,0.008881448800795402,0.23613119344674205,1,0.05,0.008881448800795402,0.23613119344674205
text,B3_validation,interaction_increment,0.8,0.35,20,20,1.0,4,0.2,0.08065766257979806,0.41601743225189364,4,0.2,0.08065766257979806,0.41601743225189364,9,0.45,0.2581978582556243,0.6579146575496577,9,0.45,0.2581978582556243,0.6579146575496577,9,0.45,0.2581978582556243,0.6579146575496577,9,0.45,0.2581978582556243,0.6579146575496577,5,0.25,0.11186170140766569,0.468700877618744,5,0.25,0.11186170140766569,0.468700877618744,7,0.35,0.18119182410108206,0.5671457233147638,7,0.35,0.18119182410108206,0.5671457233147638
text,B3_validation,interaction_increment,0.8,0.5,20,20,1.0,11,0.55,0.34208534245034233,0.7418021417443759,11,0.55,0.34208534245034233,0.7418021417443759,18,0.9,0.6989663547715128,0.9721335187862319,18,0.9,0.6989663547715128,0.9721335187862319,17,0.85,0.6395811352592431,0.9476312541037835,17,0.85,0.6395811352592431,0.9476312541037835,10,0.5,0.2992980081982123,0.7007019918017877,10,0.5,0.2992980081982123,0.7007019918017877,14,0.7,0.4810271816464765,0.8545227551323956,14,0.7,0.4810271816464765,0.8545227551323956
text,B3_validation,interaction_proxy_null,0.3,0.0,20,20,1.0,2,0.1,0.027866481213768224,0.3010336452284873,2,0.1,0.027866481213768224,0.3010336452284873,3,0.15,0.052368745896216595,0.36041886474075696,3,0.15,0.052368745896216595,0.36041886474075696,3,0.15,0.052368745896216595,0.36041886474075696,3,0.15,0.052368745896216595,0.36041886474075696,3,0.15,0.052368745896216595,0.36041886474075696,3,0.15,0.052368745896216595,0.36041886474075696,3,0.15,0.052368745896216595,0.36041886474075696,3,0.15,0.052368745896216595,0.36041886474075696
text,B3_validation,interaction_proxy_null,0.8,0.0,20,20,1.0,0,0.0,0.0,0.16112515805281938,0,0.0,0.0,0.16112515805281938,2,0.1,0.027866481213768224,0.3010336452284873,2,0.1,0.027866481213768224,0.3010336452284873,1,0.05,0.008881448800795402,0.23613119344674205,1,0.05,0.008881448800795402,0.23613119344674205,0,0.0,0.0,0.16112515805281938,0,0.0,0.0,0.16112515805281938,0,0.0,0.0,0.16112515805281938,0,0.0,0.0,0.16112515805281938
text,B3_validation,nonlinear_proxy_null,0.3,0.0,20,20,1.0,0,0.0,0.0,0.16112515805281938,0,0.0,0.0,0.16112515805281938,1,0.05,0.008881448800795402,0.23613119344674205,1,0.05,0.008881448800795402,0.23613119344674205,0,0.0,0.0,0.16112515805281938,0,0.0,0.0,0.16112515805281938,0,0.0,0.0,0.16112515805281938,0,0.0,0.0,0.16112515805281938,0,0.0,0.0,0.16112515805281938,0,0.0,0.0,0.16112515805281938
text,B3_validation,nonlinear_proxy_null,0.8,0.0,20,20,1.0,0,0.0,0.0,0.16112515805281938,0,0.0,0.0,0.16112515805281938,0,0.0,0.0,0.16112515805281938,0,0.0,0.0,0.16112515805281938,0,0.0,0.0,0.16112515805281938,0,0.0,0.0,0.16112515805281938,0,0.0,0.0,0.16112515805281938,0,0.0,0.0,0.16112515805281938,0,0.0,0.0,0.16112515805281938,0,0.0,0.0,0.16112515805281938
